Manufacturer,Model Number,QTY,ETA
Kraus,GV-100,0,11/25/2012
Kraus,GV-101-19mm,30,
Kraus,GV-101,30,
Kraus,GV-101-14,30,
Kraus,GV-150-19mm,30,
Kraus,GV-101FR,30,
Kraus,GV-101FR-14,30,
Kraus,GV-103,30,
Kraus,GV-103-14,30,
Kraus,GV-103FR,30,
Kraus,GV-103FR-14,30,
Kraus,GV-104,30,
Kraus,GV-104-14,10,
Kraus,GV-104FR,30,
Kraus,GV-104FR-14,30,
Kraus,GV-500,30,
Kraus,GV-500-14,30,
Kraus,GV-950,30,
Kraus,GVS-901-19mm,30,
Kraus,GVS-901FR-19mm,30,
Kraus,GVS-910-15mm,30,
Kraus,GVS-930-19mm,10,
Kraus,GVS-930FR-19mm,30,
Kraus,GV-200-19mm,30,
Kraus,GV-200,30,
Kraus,GV-200-14,0,Discontinued
Kraus,GVR-200-RE,0,Discontinued
Kraus,GV-204-19mm,0,Discontinued
Kraus,GV-204,20,
Kraus,GV-204-14,0,Discontinued
Kraus,GVR-204-RE,30,
Kraus,GVR-210-RE,30,
Kraus,GV-215,0,Discontinued
Kraus,GV-400,0,Discontinued
Kraus,GV-400-14,0,Discontinued
Kraus,GVR-400-RE,30,
Kraus,GV-410,15,
Kraus,GV-410-14,0,Discontinued
Kraus,GVR-410-RE,0,Discontinued
Kraus,GV-421-19mm,0,Discontinued
Kraus,GV-421,15,
Kraus,GVR-420-RE,30,
Kraus,GV-430,0,Discontinued
Kraus,GV-430-14,5,
Kraus,GVR-430-RE,0,Discontinued
Kraus,GV-450,0,Discontinued
Kraus,GV-450-14,0,Discontinued
Kraus,GV-570,30,
Kraus,GV-571-19mm,30,
Kraus,GV-580,0,11/5/2012
Kraus,GV-581,30,
Kraus,GV-600-19mm,30,
Kraus,GV-610-19mm,0,11/5/2012
Kraus,GV-620-17mm,30,
Kraus,GV-630-19mm,30,
Kraus,GV-650-19mm,10,
Kraus,GV-651,30,
Kraus,GV-700-19mm,25,
Kraus,GV-710,0,11/5/2012
Kraus,GV-100-CH,0,11/25/2012
Kraus,GV-100-SN,0,11/25/2012
Kraus,GV-100-ORB,0,11/25/2012
Kraus,GV-100-G,0,11/25/2012
Kraus,GV-101-19mm-CH,30,
Kraus,GV-101-19mm-SN,30,
Kraus,GV-101-19mm-AB,30,
Kraus,GV-101-19mm-ORB,30,
Kraus,GV-101-19mm-G,30,
Kraus,GV-101-CH,30,
Kraus,GV-101-SN,30,
Kraus,GV-101-AB,30,
Kraus,GV-101-ORB,30,
Kraus,GV-101-G,30,
Kraus,GV-101-14-CH,30,
Kraus,GV-101-14-SN,30,
Kraus,GV-101-14-AB,30,
Kraus,GV-101-14-ORB,30,
Kraus,GV-101-14-G,30,
Kraus,GV-150-19mm-CH,30,
Kraus,GV-150-19mm-SN,30,
Kraus,GV-150-19mm-AB,30,
Kraus,GV-150-19mm-ORB,30,
Kraus,GV-150-19mm-G,30,
Kraus,GV-101FR-CH,30,
Kraus,GV-101FR-SN,30,
Kraus,GV-101FR-AB,30,
Kraus,GV-101FR-ORB,30,
Kraus,GV-101FR-G,30,
Kraus,GV-101FR-14-CH,30,
Kraus,GV-101FR-14-SN,30,
Kraus,GV-101FR-14-AB,30,
Kraus,GV-101FR-14-ORB,30,
Kraus,GV-101FR-14-G,30,
Kraus,GV-103-CH,30,
Kraus,GV-103-SN,30,
Kraus,GV-103-AB,30,
Kraus,GV-103-ORB,30,
Kraus,GV-103-G,30,
Kraus,GV-103-14-CH,30,
Kraus,GV-103-14-SN,30,
Kraus,GV-103-14-AB,30,
Kraus,GV-103-14-ORB,30,
Kraus,GV-103-14-G,30,
Kraus,GV-103FR-CH,30,
Kraus,GV-103FR-SN,30,
Kraus,GV-103FR-AB,30,
Kraus,GV-103FR-ORB,30,
Kraus,GV-103FR-G,30,
Kraus,GV-103FR-14-CH,30,
Kraus,GV-103FR-14-SN,30,
Kraus,GV-103FR-14-AB,30,
Kraus,GV-103FR-14-ORB,30,
Kraus,GV-103FR-14-G,30,
Kraus,GV-104-CH,30,
Kraus,GV-104-SN,30,
Kraus,GV-104-AB,30,
Kraus,GV-104-ORB,30,
Kraus,GV-104-G,30,
Kraus,GV-104-14-CH,10,
Kraus,GV-104-14-SN,10,
Kraus,GV-104-14-AB,10,
Kraus,GV-104-14-ORB,10,
Kraus,GV-104-14-G,10,
Kraus,GV-104FR-CH,30,
Kraus,GV-104FR-SN,30,
Kraus,GV-104FR-AB,30,
Kraus,GV-104FR-ORB,30,
Kraus,GV-104FR-G,30,
Kraus,GV-104FR-14-CH,30,
Kraus,GV-104FR-14-SN,30,
Kraus,GV-104FR-14-AB,30,
Kraus,GV-104FR-14-ORB,30,
Kraus,GV-104FR-14-G,30,
Kraus,GV-500-CH,30,
Kraus,GV-500-SN,30,
Kraus,GV-500-AB,30,
Kraus,GV-500-ORB,30,
Kraus,GV-500-G,30,
Kraus,GV-500-14-CH,30,
Kraus,GV-500-14-SN,30,
Kraus,GV-500-14-AB,30,
Kraus,GV-500-14-ORB,30,
Kraus,GV-500-14-G,30,
Kraus,GV-950-CH,30,
Kraus,GV-950-SN,30,
Kraus,GV-950-AB,30,
Kraus,GV-950-ORB,30,
Kraus,GV-950-G,30,
Kraus,GVS-901-19mm-CH,30,
Kraus,GVS-901-19mm-SN,30,
Kraus,GVS-901-19mm-AB,30,
Kraus,GVS-901-19mm-ORB,30,
Kraus,GVS-901-19mm-G,30,
Kraus,GVS-901FR-19mm-CH,30,
Kraus,GVS-901FR-19mm-SN,30,
Kraus,GVS-901FR-19mm-AB,30,
Kraus,GVS-901FR-19mm-ORB,30,
Kraus,GVS-901FR-19mm-G,30,
Kraus,GVS-910-15mm-CH,30,
Kraus,GVS-910-15mm-SN,30,
Kraus,GVS-910-15mm-AB,30,
Kraus,GVS-910-15mm-ORB,30,
Kraus,GVS-910-15mm-G,30,
Kraus,GVS-930-19mm-CH,10,
Kraus,GVS-930-19mm-SN,10,
Kraus,GVS-930-19mm-AB,10,
Kraus,GVS-930-19mm-ORB,10,
Kraus,GVS-930-19mm-G,10,
Kraus,GVS-930FR-19mm-CH,30,
Kraus,GVS-930FR-19mm-SN,30,
Kraus,GVS-930FR-19mm-AB,30,
Kraus,GVS-930FR-19mm-ORB,30,
Kraus,GVS-930FR-19mm-G,30,
Kraus,GV-200-19mm-CH,30,
Kraus,GV-200-19mm-SN,30,
Kraus,GV-200-19mm-AB,30,
Kraus,GV-200-19mm-ORB,30,
Kraus,GV-200-19mm-G,30,
Kraus,GV-200-CH,30,
Kraus,GV-200-SN,30,
Kraus,GV-200-AB,30,
Kraus,GV-200-ORB,30,
Kraus,GV-200-G,30,
Kraus,GV-200-14-CH,0,Discontinued
Kraus,GV-200-14-SN,0,Discontinued
Kraus,GV-200-14-AB,0,Discontinued
Kraus,GV-200-14-ORB,0,Discontinued
Kraus,GV-200-14-G,0,Discontinued
Kraus,GVR-200-RE-CH,0,Discontinued
Kraus,GVR-200-RE-SN,0,Discontinued
Kraus,GVR-200-RE-AB,0,Discontinued
Kraus,GVR-200-RE-ORB,0,Discontinued
Kraus,GVR-200-RE-G,0,Discontinued
Kraus,GV-204-19mm-CH,0,Discontinued
Kraus,GV-204-19mm-SN,0,Discontinued
Kraus,GV-204-19mm-AB,0,Discontinued
Kraus,GV-204-19mm-ORB,0,Discontinued
Kraus,GV-204-19mm-G,0,Discontinued
Kraus,GV-204-CH,20,
Kraus,GV-204-SN,20,
Kraus,GV-204-AB,20,
Kraus,GV-204-ORB,20,
Kraus,GV-204-G,20,
Kraus,GV-204-14-CH,0,Discontinued
Kraus,GV-204-14-SN,0,Discontinued
Kraus,GV-204-14-AB,0,Discontinued
Kraus,GV-204-14-ORB,0,Discontinued
Kraus,GV-204-14-G,0,Discontinued
Kraus,GVR-204-RE-CH,30,
Kraus,GVR-204-RE-SN,30,
Kraus,GVR-204-RE-AB,30,
Kraus,GVR-204-RE-ORB,30,
Kraus,GVR-204-RE-G,30,
Kraus,GVR-210-RE-CH,30,
Kraus,GVR-210-RE-SN,30,
Kraus,GVR-210-RE-AB,30,
Kraus,GVR-210-RE-ORB,30,
Kraus,GVR-210-RE-G,30,
Kraus,GV-215-CH,0,Discontinued
Kraus,GV-215-SN,0,Discontinued
Kraus,GV-215-ORB,0,Discontinued
Kraus,GV-215-G,0,Discontinued
Kraus,GV-400-CH,0,Discontinued
Kraus,GV-400-SN,0,Discontinued
Kraus,GV-400-AB,0,Discontinued
Kraus,GV-400-ORB,0,Discontinued
Kraus,GV-400-G,0,Discontinued
Kraus,GV-400-14-CH,0,Discontinued
Kraus,GV-400-14-SN,0,Discontinued
Kraus,GV-400-14-AB,0,Discontinued
Kraus,GV-400-14-ORB,0,Discontinued
Kraus,GV-400-14-G,0,Discontinued
Kraus,GVR-400-RE-CH,30,
Kraus,GVR-400-RE-SN,30,
Kraus,GVR-400-RE-AB,30,
Kraus,GVR-400-RE-ORB,30,
Kraus,GVR-400-RE-G,30,
Kraus,GV-410-CH,15,
Kraus,GV-410-SN,15,
Kraus,GV-410-AB,15,
Kraus,GV-410-ORB,15,
Kraus,GV-410-G,15,
Kraus,GV-410-14-CH,0,Discontinued
Kraus,GV-410-14-SN,0,Discontinued
Kraus,GV-410-14-AB,0,Discontinued
Kraus,GV-410-14-ORB,0,Discontinued
Kraus,GV-410-14-G,0,Discontinued
Kraus,GVR-410-RE-CH,0,Discontinued
Kraus,GVR-410-RE-SN,0,Discontinued
Kraus,GVR-410-RE-AB,0,Discontinued
Kraus,GVR-410-RE-ORB,0,Discontinued
Kraus,GVR-410-RE-G,0,Discontinued
Kraus,GV-421-19mm-CH,0,Discontinued
Kraus,GV-421-19mm-SN,0,Discontinued
Kraus,GV-421-19mm-AB,0,Discontinued
Kraus,GV-421-19mm-ORB,0,Discontinued
Kraus,GV-421-19mm-G,0,Discontinued
Kraus,GV-421-CH,15,
Kraus,GV-421-SN,15,
Kraus,GV-421-AB,15,
Kraus,GV-421-ORB,15,
Kraus,GV-421-G,15,
Kraus,GVR-420-RE-CH,30,
Kraus,GVR-420-RE-SN,30,
Kraus,GVR-420-RE-AB,30,
Kraus,GVR-420-RE-ORB,30,
Kraus,GVR-420-RE-G,30,
Kraus,GV-430-CH,0,Discontinued
Kraus,GV-430-SN,0,Discontinued
Kraus,GV-430-AB,0,Discontinued
Kraus,GV-430-ORB,0,Discontinued
Kraus,GV-430-G,0,Discontinued
Kraus,GV-430-14-CH,5,
Kraus,GV-430-14-SN,5,
Kraus,GV-430-14-AB,5,
Kraus,GV-430-14-ORB,5,
Kraus,GV-430-14-G,5,
Kraus,GVR-430-RE-CH,0,Discontinued
Kraus,GVR-430-RE-SN,0,Discontinued
Kraus,GVR-430-RE-AB,0,Discontinued
Kraus,GVR-430-RE-ORB,0,Discontinued
Kraus,GVR-430-RE-G,0,Discontinued
Kraus,GV-450-CH,0,Discontinued
Kraus,GV-450-SN,0,Discontinued
Kraus,GV-450-AB,0,Discontinued
Kraus,GV-450-ORB,0,Discontinued
Kraus,GV-450-G,0,Discontinued
Kraus,GV-450-14-CH,0,Discontinued
Kraus,GV-450-14-SN,0,Discontinued
Kraus,GV-450-14-AB,0,Discontinued
Kraus,GV-450-14-ORB,0,Discontinued
Kraus,GV-450-14-G,0,Discontinued
Kraus,GV-570-CH,30,
Kraus,GV-570-SN,30,
Kraus,GV-570-ORB,30,
Kraus,GV-570-G,30,
Kraus,GV-571-19mm-CH,30,
Kraus,GV-571-19mm-SN,30,
Kraus,GV-571-19mm-ORB,30,
Kraus,GV-571-19mm-G,30,
Kraus,GV-580-CH,0,11/5/2012
Kraus,GV-580-SN,0,11/5/2012
Kraus,GV-580-AB,0,11/5/2012
Kraus,GV-580-ORB,0,11/5/2012
Kraus,GV-580-G,0,11/5/2012
Kraus,GV-581-CH,30,
Kraus,GV-581-SN,30,
Kraus,GV-581-AB,30,
Kraus,GV-581-ORB,30,
Kraus,GV-581-G,30,
Kraus,GV-600-19mm-CH,30,
Kraus,GV-600-19mm-SN,30,
Kraus,GV-600-19mm-AB,30,
Kraus,GV-600-19mm-ORB,30,
Kraus,GV-600-19mm-G,30,
Kraus,GV-610-19mm-CH,0,11/5/2012
Kraus,GV-610-19mm-SN,0,11/5/2012
Kraus,GV-610-19mm-AB,0,11/5/2012
Kraus,GV-610-19mm-ORB,0,11/5/2012
Kraus,GV-610-19mm-G,0,11/5/2012
Kraus,GV-620-17mm-CH,30,
Kraus,GV-620-17mm-SN,30,
Kraus,GV-620-17mm-AB,30,
Kraus,GV-620-17mm-ORB,30,
Kraus,GV-620-17mm-G,30,
Kraus,GV-630-19mm-CH,30,
Kraus,GV-630-19mm-SN,30,
Kraus,GV-630-19mm-AB,30,
Kraus,GV-630-19mm-ORB,30,
Kraus,GV-630-19mm-G,30,
Kraus,GV-650-19mm-CH,10,
Kraus,GV-650-19mm-SN,10,
Kraus,GV-650-19mm-AB,10,
Kraus,GV-650-19mm-ORB,10,
Kraus,GV-650-19mm-G,10,
Kraus,GV-651-CH,30,
Kraus,GV-651-SN,30,
Kraus,GV-651-AB,30,
Kraus,GV-651-ORB,30,
Kraus,GV-651-G,30,
Kraus,GV-700-19mm-CH,25,
Kraus,GV-700-19mm-SN,25,
Kraus,GV-700-19mm-AB,25,
Kraus,GV-700-19mm-ORB,25,
Kraus,GV-700-19mm-G,25,
Kraus,GV-710-CH,0,11/5/2012
Kraus,GV-710-SN,0,11/5/2012
Kraus,GV-710-ORB,0,11/5/2012
Kraus,GV-710-G,0,11/5/2012
Kraus,C-GV-100-12mm-10CH,0,11/25/2012
Kraus,C-GV-100-12mm-10SN,0,11/25/2012
Kraus,C-GV-100-12mm-10ORB,0,11/25/2012
Kraus,C-GV-100-12mm-10G,0,11/25/2012
Kraus,C-GV-100-12mm-1005CH,0,11/25/2012
Kraus,C-GV-100-12mm-1005SN,0,11/25/2012
Kraus,C-GV-100-12mm-1005ORB,0,11/25/2012
Kraus,C-GV-100-12mm-1800CH,0,11/25/2012
Kraus,C-GV-100-12mm-1810CH,0,11/25/2012
Kraus,C-GV-100-12mm-14300CH,0,11/25/2012
Kraus,C-GV-100-12mm-14600CH,0,11/25/2012
Kraus,C-GV-100-12mm-14700CH,0,11/25/2012
Kraus,C-GV-100-12mm-14800CH,0,1/1/2013
Kraus,C-GV-100-12mm-15000CH,0,11/25/2012
Kraus,C-GV-100-12mm-15000BN,0,11/25/2012
Kraus,C-GV-100-12mm-15000ORB,0,11/25/2012
Kraus,C-GV-100-12mm-15100CH,0,11/25/2012
Kraus,C-GV-100-12mm-15200CH,0,11/25/2012
Kraus,C-GV-100-12mm-15500CH,0,11/25/2012
Kraus,C-GV-100-12mm-15500BN,0,11/25/2012
Kraus,C-GV-101-19mm-10CH,30,
Kraus,C-GV-101-19mm-10SN,30,
Kraus,C-GV-101-19mm-10AB,0,Discontinued
Kraus,C-GV-101-19mm-10ORB,30,
Kraus,C-GV-101-19mm-10G,30,
Kraus,C-GV-101-19mm-1002CH,30,
Kraus,C-GV-101-19mm-1002SN,30,
Kraus,C-GV-101-19mm-1002AB,0,Discontinued
Kraus,C-GV-101-19mm-1002ORB,0,Discontinued
Kraus,C-GV-101-19mm-1005CH,30,
Kraus,C-GV-101-19mm-1005SN,30,
Kraus,C-GV-101-19mm-1005ORB,30,
Kraus,C-GV-101-19mm-1007CH,30,
Kraus,C-GV-101-19mm-1007SN,30,
Kraus,C-GV-101-19mm-1007AB,0,Discontinued
Kraus,C-GV-101-19mm-1007ORB,0,Discontinued
Kraus,C-GV-101-19mm-1100CH,0,Discontinued
Kraus,C-GV-101-19mm-1100SN,0,Discontinued
Kraus,C-GV-101-19mm-1200CH,0,Discontinued
Kraus,C-GV-101-19mm-1200SN,0,Discontinued
Kraus,C-GV-101-19mm-1300CH,30,
Kraus,C-GV-101-19mm-1300SN,30,
Kraus,C-GV-101-19mm-1300AB,0,Discontinued
Kraus,C-GV-101-19mm-1300ORB,0,Discontinued
Kraus,C-GV-101-19mm-1800CH,30,
Kraus,C-GV-101-19mm-1810CH,30,
Kraus,C-GV-101-19mm-2180,30,
Kraus,C-GV-101-19mm-14300CH,30,
Kraus,C-GV-101-19mm-14600CH,30,
Kraus,C-GV-101-19mm-14700CH,30,
Kraus,C-GV-101-19mm-14800CH,0,1/1/2013
Kraus,C-GV-101-19mm-15000CH,30,
Kraus,C-GV-101-19mm-15000BN,30,
Kraus,C-GV-101-19mm-15000ORB,30,
Kraus,C-GV-101-19mm-15100CH,30,
Kraus,C-GV-101-19mm-15200CH,30,
Kraus,C-GV-101-19mm-15500CH,30,
Kraus,C-GV-101-19mm-15500BN,30,
Kraus,C-GV-101-12mm-10CH,30,
Kraus,C-GV-101-12mm-10SN,30,
Kraus,C-GV-101-12mm-10AB,0,Discontinued
Kraus,C-GV-101-12mm-10ORB,30,
Kraus,C-GV-101-12mm-10G,30,
Kraus,C-GV-101-12mm-1002CH,30,
Kraus,C-GV-101-12mm-1002SN,30,
Kraus,C-GV-101-12mm-1002AB,0,Discontinued
Kraus,C-GV-101-12mm-1002ORB,0,Discontinued
Kraus,C-GV-101-12mm-1005CH,30,
Kraus,C-GV-101-12mm-1005SN,30,
Kraus,C-GV-101-12mm-1005ORB,30,
Kraus,C-GV-101-12mm-1007CH,30,
Kraus,C-GV-101-12mm-1007SN,30,
Kraus,C-GV-101-12mm-1007AB,0,Discontinued
Kraus,C-GV-101-12mm-1007ORB,0,Discontinued
Kraus,C-GV-101-12mm-1100CH,0,Discontinued
Kraus,C-GV-101-12mm-1100SN,0,Discontinued
Kraus,C-GV-101-12mm-1200CH,0,Discontinued
Kraus,C-GV-101-12mm-1200SN,0,Discontinued
Kraus,C-GV-101-12mm-1300CH,30,
Kraus,C-GV-101-12mm-1300SN,30,
Kraus,C-GV-101-12mm-1300AB,0,Discontinued
Kraus,C-GV-101-12mm-1300ORB,0,Discontinued
Kraus,C-GV-101-12mm-1800CH,30,
Kraus,C-GV-101-12mm-1810CH,30,
Kraus,C-GV-101-12mm-2180,30,
Kraus,C-GV-101-12mm-14300CH,30,
Kraus,C-GV-101-12mm-14600CH,30,
Kraus,C-GV-101-12mm-14700CH,30,
Kraus,C-GV-101-12mm-14800CH,0,1/1/2013
Kraus,C-GV-101-12mm-15000CH,30,
Kraus,C-GV-101-12mm-15000BN,30,
Kraus,C-GV-101-12mm-15000ORB,30,
Kraus,C-GV-101-12mm-15100CH,30,
Kraus,C-GV-101-12mm-15200CH,30,
Kraus,C-GV-101-12mm-15500CH,30,
Kraus,C-GV-101-12mm-15500BN,30,
Kraus,C-GV-101-14-12mm-10CH,30,
Kraus,C-GV-101-14-12mm-10SN,30,
Kraus,C-GV-101-14-12mm-10AB,0,Discontinued
Kraus,C-GV-101-14-12mm-10ORB,30,
Kraus,C-GV-101-14-12mm-10G,30,
Kraus,C-GV-101-14-12mm-1002CH,30,
Kraus,C-GV-101-14-12mm-1002SN,30,
Kraus,C-GV-101-14-12mm-1002AB,0,Discontinued
Kraus,C-GV-101-14-12mm-1002ORB,0,Discontinued
Kraus,C-GV-101-14-12mm-1005CH,30,
Kraus,C-GV-101-14-12mm-1005SN,30,
Kraus,C-GV-101-14-12mm-1005ORB,30,
Kraus,C-GV-101-14-12mm-1007CH,30,
Kraus,C-GV-101-14-12mm-1007SN,30,
Kraus,C-GV-101-14-12mm-1007AB,0,Discontinued
Kraus,C-GV-101-14-12mm-1007ORB,0,Discontinued
Kraus,C-GV-101-14-12mm-1300CH,30,
Kraus,C-GV-101-14-12mm-1300SN,30,
Kraus,C-GV-101-14-12mm-1300AB,0,Discontinued
Kraus,C-GV-101-14-12mm-1300ORB,0,Discontinued
Kraus,C-GV-101-14-12mm-1800CH,30,
Kraus,C-GV-101-14-12mm-1810CH,30,
Kraus,C-GV-150-19mm-10CH,30,
Kraus,C-GV-150-19mm-10SN,30,
Kraus,C-GV-150-19mm-10AB,0,Discontinued
Kraus,C-GV-150-19mm-10ORB,30,
Kraus,C-GV-150-19mm-10G,30,
Kraus,C-GV-150-19mm-1005CH,30,
Kraus,C-GV-150-19mm-1005SN,30,
Kraus,C-GV-150-19mm-1005ORB,30,
Kraus,C-GV-150-19mm-1800CH,30,
Kraus,C-GV-150-19mm-1810CH,30,
Kraus,C-GV-101FR-12mm-10CH,30,
Kraus,C-GV-101FR-12mm-10SN,30,
Kraus,C-GV-101FR-12mm-10AB,0,Discontinued
Kraus,C-GV-101FR-12mm-10ORB,30,
Kraus,C-GV-101FR-12mm-10G,30,
Kraus,C-GV-101FR-12mm-1002CH,30,
Kraus,C-GV-101FR-12mm-1002SN,30,
Kraus,C-GV-101FR-12mm-1002AB,0,Discontinued
Kraus,C-GV-101FR-12mm-1002ORB,0,Discontinued
Kraus,C-GV-101FR-12mm-1005CH,30,
Kraus,C-GV-101FR-12mm-1005SN,30,
Kraus,C-GV-101FR-12mm-1005ORB,30,
Kraus,C-GV-101FR-12mm-1007CH,30,
Kraus,C-GV-101FR-12mm-1007SN,30,
Kraus,C-GV-101FR-12mm-1007AB,0,Discontinued
Kraus,C-GV-101FR-12mm-1007ORB,0,Discontinued
Kraus,C-GV-101FR-12mm-1100CH,0,Discontinued
Kraus,C-GV-101FR-12mm-1100SN,0,Discontinued
Kraus,C-GV-101FR-12mm-1200CH,0,Discontinued
Kraus,C-GV-101FR-12mm-1200SN,0,Discontinued
Kraus,C-GV-101FR-12mm-1300CH,30,
Kraus,C-GV-101FR-12mm-1300SN,30,
Kraus,C-GV-101FR-12mm-1300AB,0,Discontinued
Kraus,C-GV-101FR-12mm-1300ORB,0,Discontinued
Kraus,C-GV-101FR-12mm-1800CH,30,
Kraus,C-GV-101FR-12mm-1810CH,30,
Kraus,C-GV-101FR-12mm-2180,30,
Kraus,C-GV-101FR-12mm-14300CH,30,
Kraus,C-GV-101FR-12mm-14600CH,30,
Kraus,C-GV-101FR-12mm-14700CH,30,
Kraus,C-GV-101FR-12mm-14800CH,0,1/1/2013
Kraus,C-GV-101FR-12mm-15000CH,30,
Kraus,C-GV-101FR-12mm-15000BN,30,
Kraus,C-GV-101FR-12mm-15000ORB,30,
Kraus,C-GV-101FR-12mm-15100CH,30,
Kraus,C-GV-101FR-12mm-15200CH,30,
Kraus,C-GV-101FR-12mm-15500CH,30,
Kraus,C-GV-101FR-12mm-15500BN,30,
Kraus,C-GV-101FR-14-12mm-10CH,30,
Kraus,C-GV-101FR-14-12mm-10SN,30,
Kraus,C-GV-101FR-14-12mm-10AB,0,Discontinued
Kraus,C-GV-101FR-14-12mm-10ORB,30,
Kraus,C-GV-101FR-14-12mm-10G,30,
Kraus,C-GV-101FR-14-12mm-1002CH,30,
Kraus,C-GV-101FR-14-12mm-1002SN,30,
Kraus,C-GV-101FR-14-12mm-1002AB,0,Discontinued
Kraus,C-GV-101FR-14-12mm-1002ORB,0,Discontinued
Kraus,C-GV-101FR-14-12mm-1005CH,30,
Kraus,C-GV-101FR-14-12mm-1005SN,30,
Kraus,C-GV-101FR-14-12mm-1005ORB,30,
Kraus,C-GV-101FR-14-12mm-1007CH,30,
Kraus,C-GV-101FR-14-12mm-1007SN,30,
Kraus,C-GV-101FR-14-12mm-1007AB,0,Discontinued
Kraus,C-GV-101FR-14-12mm-1007ORB,0,Discontinued
Kraus,C-GV-101FR-14-12mm-1300CH,30,
Kraus,C-GV-101FR-14-12mm-1300SN,30,
Kraus,C-GV-101FR-14-12mm-1300AB,0,Discontinued
Kraus,C-GV-101FR-14-12mm-1300ORB,0,Discontinued
Kraus,C-GV-101FR-14-12mm-1800CH,30,
Kraus,C-GV-101FR-14-12mm-1810CH,30,
Kraus,C-GV-103-12mm-10CH,30,
Kraus,C-GV-103-12mm-10SN,30,
Kraus,C-GV-103-12mm-10AB,0,Discontinued
Kraus,C-GV-103-12mm-10ORB,30,
Kraus,C-GV-103-12mm-10G,30,
Kraus,C-GV-103-12mm-1002CH,30,
Kraus,C-GV-103-12mm-1002SN,30,
Kraus,C-GV-103-12mm-1002AB,0,Discontinued
Kraus,C-GV-103-12mm-1002ORB,0,Discontinued
Kraus,C-GV-103-12mm-1005CH,30,
Kraus,C-GV-103-12mm-1005SN,30,
Kraus,C-GV-103-12mm-1005ORB,30,
Kraus,C-GV-103-12mm-1007CH,30,
Kraus,C-GV-103-12mm-1007SN,30,
Kraus,C-GV-103-12mm-1007AB,0,Discontinued
Kraus,C-GV-103-12mm-1007ORB,0,Discontinued
Kraus,C-GV-103-12mm-1100CH,0,Discontinued
Kraus,C-GV-103-12mm-1100SN,0,Discontinued
Kraus,C-GV-103-12mm-1200CH,0,Discontinued
Kraus,C-GV-103-12mm-1200SN,0,Discontinued
Kraus,C-GV-103-12mm-1300CH,30,
Kraus,C-GV-103-12mm-1300SN,30,
Kraus,C-GV-103-12mm-1300AB,0,Discontinued
Kraus,C-GV-103-12mm-1300ORB,0,Discontinued
Kraus,C-GV-103-12mm-1800CH,30,
Kraus,C-GV-103-12mm-1810CH,30,
Kraus,C-GV-103-12mm-2180,30,
Kraus,C-GV-103-12mm-14300CH,30,
Kraus,C-GV-103-12mm-14600CH,30,
Kraus,C-GV-103-12mm-14700CH,30,
Kraus,C-GV-103-12mm-14800CH,0,1/1/2013
Kraus,C-GV-103-12mm-15000CH,30,
Kraus,C-GV-103-12mm-15000BN,30,
Kraus,C-GV-103-12mm-15000ORB,30,
Kraus,C-GV-103-12mm-15100CH,30,
Kraus,C-GV-103-12mm-15200CH,30,
Kraus,C-GV-103-12mm-15500CH,30,
Kraus,C-GV-103-12mm-15500BN,30,
Kraus,C-GV-103-14-12mm-10CH,30,
Kraus,C-GV-103-14-12mm-10SN,30,
Kraus,C-GV-103-14-12mm-10AB,0,Discontinued
Kraus,C-GV-103-14-12mm-10ORB,30,
Kraus,C-GV-103-14-12mm-10G,30,
Kraus,C-GV-103-14-12mm-1002CH,30,
Kraus,C-GV-103-14-12mm-1002SN,30,
Kraus,C-GV-103-14-12mm-1002AB,0,Discontinued
Kraus,C-GV-103-14-12mm-1002ORB,0,Discontinued
Kraus,C-GV-103-14-12mm-1005CH,30,
Kraus,C-GV-103-14-12mm-1005SN,30,
Kraus,C-GV-103-14-12mm-1005ORB,30,
Kraus,C-GV-103-14-12mm-1007CH,30,
Kraus,C-GV-103-14-12mm-1007SN,30,
Kraus,C-GV-103-14-12mm-1007AB,0,Discontinued
Kraus,C-GV-103-14-12mm-1007ORB,0,Discontinued
Kraus,C-GV-103-14-12mm-1300CH,30,
Kraus,C-GV-103-14-12mm-1300SN,30,
Kraus,C-GV-103-14-12mm-1300AB,0,Discontinued
Kraus,C-GV-103-14-12mm-1300ORB,0,Discontinued
Kraus,C-GV-103-14-12mm-1800CH,30,
Kraus,C-GV-103-14-12mm-1810CH,30,
Kraus,C-GV-103FR-12mm-10CH,30,
Kraus,C-GV-103FR-12mm-10SN,30,
Kraus,C-GV-103FR-12mm-10AB,0,Discontinued
Kraus,C-GV-103FR-12mm-10ORB,30,
Kraus,C-GV-103FR-12mm-10G,30,
Kraus,C-GV-103FR-12mm-1002CH,30,
Kraus,C-GV-103FR-12mm-1002SN,30,
Kraus,C-GV-103FR-12mm-1002AB,0,Discontinued
Kraus,C-GV-103FR-12mm-1002ORB,0,Discontinued
Kraus,C-GV-103FR-12mm-1005CH,30,
Kraus,C-GV-103FR-12mm-1005SN,30,
Kraus,C-GV-103FR-12mm-1005ORB,30,
Kraus,C-GV-103FR-12mm-1007CH,30,
Kraus,C-GV-103FR-12mm-1007SN,30,
Kraus,C-GV-103FR-12mm-1007AB,0,Discontinued
Kraus,C-GV-103FR-12mm-1007ORB,0,Discontinued
Kraus,C-GV-103FR-12mm-1100CH,0,Discontinued
Kraus,C-GV-103FR-12mm-1100SN,0,Discontinued
Kraus,C-GV-103FR-12mm-1200CH,0,Discontinued
Kraus,C-GV-103FR-12mm-1200SN,0,Discontinued
Kraus,C-GV-103FR-12mm-1300CH,30,
Kraus,C-GV-103FR-12mm-1300SN,30,
Kraus,C-GV-103FR-12mm-1300AB,0,Discontinued
Kraus,C-GV-103FR-12mm-1300ORB,0,Discontinued
Kraus,C-GV-103FR-12mm-1800CH,30,
Kraus,C-GV-103FR-12mm-1810CH,30,
Kraus,C-GV-103FR-12mm-2180,30,
Kraus,C-GV-103FR-12mm-14300CH,30,
Kraus,C-GV-103FR-12mm-14600CH,30,
Kraus,C-GV-103FR-12mm-14700CH,30,
Kraus,C-GV-103FR-12mm-14800CH,0,1/1/2013
Kraus,C-GV-103FR-12mm-15000CH,30,
Kraus,C-GV-103FR-12mm-15000BN,30,
Kraus,C-GV-103FR-12mm-15000ORB,30,
Kraus,C-GV-103FR-12mm-15100CH,30,
Kraus,C-GV-103FR-12mm-15200CH,30,
Kraus,C-GV-103FR-12mm-15500CH,30,
Kraus,C-GV-103FR-12mm-15500BN,30,
Kraus,C-GV-103FR-14-12mm-10CH,30,
Kraus,C-GV-103FR-14-12mm-10SN,30,
Kraus,C-GV-103FR-14-12mm-10AB,0,Discontinued
Kraus,C-GV-103FR-14-12mm-10ORB,30,
Kraus,C-GV-103FR-14-12mm-10G,30,
Kraus,C-GV-103FR-14-12mm-1002CH,30,
Kraus,C-GV-103FR-14-12mm-1002SN,30,
Kraus,C-GV-103FR-14-12mm-1002AB,0,Discontinued
Kraus,C-GV-103FR-14-12mm-1002ORB,0,Discontinued
Kraus,C-GV-103FR-14-12mm-1005CH,30,
Kraus,C-GV-103FR-14-12mm-1005SN,30,
Kraus,C-GV-103FR-14-12mm-1005ORB,30,
Kraus,C-GV-103FR-14-12mm-1007CH,30,
Kraus,C-GV-103FR-14-12mm-1007SN,30,
Kraus,C-GV-103FR-14-12mm-1007AB,0,Discontinued
Kraus,C-GV-103FR-14-12mm-1007ORB,0,Discontinued
Kraus,C-GV-103FR-14-12mm-1300CH,30,
Kraus,C-GV-103FR-14-12mm-1300SN,30,
Kraus,C-GV-103FR-14-12mm-1300AB,0,Discontinued
Kraus,C-GV-103FR-14-12mm-1300ORB,0,Discontinued
Kraus,C-GV-103FR-14-12mm-1800CH,30,
Kraus,C-GV-103FR-14-12mm-1810CH,30,
Kraus,C-GV-104-12mm-10CH,30,
Kraus,C-GV-104-12mm-10SN,30,
Kraus,C-GV-104-12mm-10AB,0,Discontinued
Kraus,C-GV-104-12mm-10ORB,30,
Kraus,C-GV-104-12mm-10G,30,
Kraus,C-GV-104-12mm-1002CH,30,
Kraus,C-GV-104-12mm-1002SN,30,
Kraus,C-GV-104-12mm-1002AB,0,Discontinued
Kraus,C-GV-104-12mm-1002ORB,0,Discontinued
Kraus,C-GV-104-12mm-1005CH,30,
Kraus,C-GV-104-12mm-1005SN,30,
Kraus,C-GV-104-12mm-1005ORB,30,
Kraus,C-GV-104-12mm-1007CH,30,
Kraus,C-GV-104-12mm-1007SN,30,
Kraus,C-GV-104-12mm-1007AB,0,Discontinued
Kraus,C-GV-104-12mm-1007ORB,0,Discontinued
Kraus,C-GV-104-12mm-1100CH,0,Discontinued
Kraus,C-GV-104-12mm-1100SN,0,Discontinued
Kraus,C-GV-104-12mm-1200CH,0,Discontinued
Kraus,C-GV-104-12mm-1200SN,0,Discontinued
Kraus,C-GV-104-12mm-1300CH,30,
Kraus,C-GV-104-12mm-1300SN,30,
Kraus,C-GV-104-12mm-1300AB,0,Discontinued
Kraus,C-GV-104-12mm-1300ORB,0,Discontinued
Kraus,C-GV-104-12mm-1800CH,30,
Kraus,C-GV-104-12mm-1810CH,30,
Kraus,C-GV-104-12mm-2180,30,
Kraus,C-GV-104-12mm-14300CH,30,
Kraus,C-GV-104-12mm-14600CH,30,
Kraus,C-GV-104-12mm-14700CH,30,
Kraus,C-GV-104-12mm-14800CH,0,1/1/2013
Kraus,C-GV-104-12mm-15000CH,30,
Kraus,C-GV-104-12mm-15000BN,30,
Kraus,C-GV-104-12mm-15000ORB,30,
Kraus,C-GV-104-12mm-15100CH,30,
Kraus,C-GV-104-12mm-15200CH,30,
Kraus,C-GV-104-12mm-15500CH,30,
Kraus,C-GV-104-12mm-15500BN,30,
Kraus,C-GV-104-14-12mm-10CH,10,
Kraus,C-GV-104-14-12mm-10SN,10,
Kraus,C-GV-104-14-12mm-10AB,0,Discontinued
Kraus,C-GV-104-14-12mm-10ORB,10,
Kraus,C-GV-104-14-12mm-10G,10,
Kraus,C-GV-104-14-12mm-1002CH,10,
Kraus,C-GV-104-14-12mm-1002SN,10,
Kraus,C-GV-104-14-12mm-1002AB,0,Discontinued
Kraus,C-GV-104-14-12mm-1002ORB,0,Discontinued
Kraus,C-GV-104-14-12mm-1005CH,10,
Kraus,C-GV-104-14-12mm-1005SN,10,
Kraus,C-GV-104-14-12mm-1005ORB,10,
Kraus,C-GV-104-14-12mm-1007CH,10,
Kraus,C-GV-104-14-12mm-1007SN,10,
Kraus,C-GV-104-14-12mm-1007AB,0,Discontinued
Kraus,C-GV-104-14-12mm-1007ORB,0,Discontinued
Kraus,C-GV-104-14-12mm-1300CH,10,
Kraus,C-GV-104-14-12mm-1300SN,10,
Kraus,C-GV-104-14-12mm-1300AB,0,Discontinued
Kraus,C-GV-104-14-12mm-1300ORB,0,Discontinued
Kraus,C-GV-104-14-12mm-1800CH,10,
Kraus,C-GV-104-14-12mm-1810CH,10,
Kraus,C-GV-104FR-12mm-10CH,30,
Kraus,C-GV-104FR-12mm-10SN,30,
Kraus,C-GV-104FR-12mm-10AB,0,Discontinued
Kraus,C-GV-104FR-12mm-10ORB,30,
Kraus,C-GV-104FR-12mm-10G,30,
Kraus,C-GV-104FR-12mm-1002CH,30,
Kraus,C-GV-104FR-12mm-1002SN,30,
Kraus,C-GV-104FR-12mm-1002AB,0,Discontinued
Kraus,C-GV-104FR-12mm-1002ORB,0,Discontinued
Kraus,C-GV-104FR-12mm-1005CH,30,
Kraus,C-GV-104FR-12mm-1005SN,30,
Kraus,C-GV-104FR-12mm-1005ORB,30,
Kraus,C-GV-104FR-12mm-1007CH,30,
Kraus,C-GV-104FR-12mm-1007SN,30,
Kraus,C-GV-104FR-12mm-1007AB,0,Discontinued
Kraus,C-GV-104FR-12mm-1007ORB,0,Discontinued
Kraus,C-GV-104FR-12mm-1100CH,0,Discontinued
Kraus,C-GV-104FR-12mm-1100SN,0,Discontinued
Kraus,C-GV-104FR-12mm-1200CH,0,Discontinued
Kraus,C-GV-104FR-12mm-1200SN,0,Discontinued
Kraus,C-GV-104FR-12mm-1300CH,30,
Kraus,C-GV-104FR-12mm-1300SN,30,
Kraus,C-GV-104FR-12mm-1300AB,0,Discontinued
Kraus,C-GV-104FR-12mm-1300ORB,0,Discontinued
Kraus,C-GV-104FR-12mm-1800CH,30,
Kraus,C-GV-104FR-12mm-1810CH,30,
Kraus,C-GV-104FR-12mm-2180,30,
Kraus,C-GV-104FR-12mm-14300CH,30,
Kraus,C-GV-104FR-12mm-14600CH,30,
Kraus,C-GV-104FR-12mm-14700CH,30,
Kraus,C-GV-104FR-12mm-14800CH,0,1/1/2013
Kraus,C-GV-104FR-12mm-15000CH,30,
Kraus,C-GV-104FR-12mm-15000BN,30,
Kraus,C-GV-104FR-12mm-15000ORB,30,
Kraus,C-GV-104FR-12mm-15100CH,30,
Kraus,C-GV-104FR-12mm-15200CH,30,
Kraus,C-GV-104FR-12mm-15500CH,30,
Kraus,C-GV-104FR-12mm-15500BN,30,
Kraus,C-GV-104FR-14-12mm-10CH,30,
Kraus,C-GV-104FR-14-12mm-10SN,30,
Kraus,C-GV-104FR-14-12mm-10AB,0,Discontinued
Kraus,C-GV-104FR-14-12mm-10ORB,30,
Kraus,C-GV-104FR-14-12mm-10G,30,
Kraus,C-GV-104FR-14-12mm-1002CH,30,
Kraus,C-GV-104FR-14-12mm-1002SN,30,
Kraus,C-GV-104FR-14-12mm-1002AB,0,Discontinued
Kraus,C-GV-104FR-14-12mm-1002ORB,0,Discontinued
Kraus,C-GV-104FR-14-12mm-1005CH,30,
Kraus,C-GV-104FR-14-12mm-1005SN,30,
Kraus,C-GV-104FR-14-12mm-1005ORB,30,
Kraus,C-GV-104FR-14-12mm-1007CH,30,
Kraus,C-GV-104FR-14-12mm-1007SN,30,
Kraus,C-GV-104FR-14-12mm-1007AB,0,Discontinued
Kraus,C-GV-104FR-14-12mm-1007ORB,0,Discontinued
Kraus,C-GV-104FR-14-12mm-1300CH,30,
Kraus,C-GV-104FR-14-12mm-1300SN,30,
Kraus,C-GV-104FR-14-12mm-1300AB,0,Discontinued
Kraus,C-GV-104FR-14-12mm-1300ORB,0,Discontinued
Kraus,C-GV-104FR-14-12mm-1800CH,30,
Kraus,C-GV-104FR-14-12mm-1810CH,30,
Kraus,C-GV-500-12mm-10CH,30,
Kraus,C-GV-500-12mm-10SN,30,
Kraus,C-GV-500-12mm-10AB,0,Discontinued
Kraus,C-GV-500-12mm-10ORB,30,
Kraus,C-GV-500-12mm-10G,30,
Kraus,C-GV-500-12mm-1002CH,30,
Kraus,C-GV-500-12mm-1002SN,30,
Kraus,C-GV-500-12mm-1002AB,0,Discontinued
Kraus,C-GV-500-12mm-1002ORB,0,Discontinued
Kraus,C-GV-500-12mm-1005CH,30,
Kraus,C-GV-500-12mm-1005SN,30,
Kraus,C-GV-500-12mm-1005ORB,30,
Kraus,C-GV-500-12mm-1007CH,30,
Kraus,C-GV-500-12mm-1007SN,30,
Kraus,C-GV-500-12mm-1007AB,0,Discontinued
Kraus,C-GV-500-12mm-1007ORB,0,Discontinued
Kraus,C-GV-500-12mm-1100CH,0,Discontinued
Kraus,C-GV-500-12mm-1100SN,0,Discontinued
Kraus,C-GV-500-12mm-1200CH,0,Discontinued
Kraus,C-GV-500-12mm-1200SN,0,Discontinued
Kraus,C-GV-500-12mm-1300CH,30,
Kraus,C-GV-500-12mm-1300SN,30,
Kraus,C-GV-500-12mm-1300AB,0,Discontinued
Kraus,C-GV-500-12mm-1300ORB,0,Discontinued
Kraus,C-GV-500-12mm-1800CH,30,
Kraus,C-GV-500-12mm-1810CH,30,
Kraus,C-GV-500-12mm-2180,30,
Kraus,C-GV-500-12mm-14300CH,30,
Kraus,C-GV-500-12mm-14600CH,30,
Kraus,C-GV-500-12mm-14700CH,30,
Kraus,C-GV-500-12mm-14800CH,0,1/1/2013
Kraus,C-GV-500-12mm-15000CH,30,
Kraus,C-GV-500-12mm-15000BN,30,
Kraus,C-GV-500-12mm-15000ORB,30,
Kraus,C-GV-500-12mm-15100CH,30,
Kraus,C-GV-500-12mm-15200CH,30,
Kraus,C-GV-500-12mm-15500CH,30,
Kraus,C-GV-500-12mm-15500BN,30,
Kraus,C-GV-500-14-12mm-10CH,30,
Kraus,C-GV-500-14-12mm-10SN,30,
Kraus,C-GV-500-14-12mm-10AB,0,Discontinued
Kraus,C-GV-500-14-12mm-10ORB,30,
Kraus,C-GV-500-14-12mm-10G,30,
Kraus,C-GV-500-14-12mm-1002CH,30,
Kraus,C-GV-500-14-12mm-1002SN,30,
Kraus,C-GV-500-14-12mm-1002AB,0,Discontinued
Kraus,C-GV-500-14-12mm-1002ORB,0,Discontinued
Kraus,C-GV-500-14-12mm-1005CH,30,
Kraus,C-GV-500-14-12mm-1005SN,30,
Kraus,C-GV-500-14-12mm-1005ORB,30,
Kraus,C-GV-500-14-12mm-1007CH,30,
Kraus,C-GV-500-14-12mm-1007SN,30,
Kraus,C-GV-500-14-12mm-1007AB,0,Discontinued
Kraus,C-GV-500-14-12mm-1007ORB,0,Discontinued
Kraus,C-GV-500-14-12mm-1300CH,30,
Kraus,C-GV-500-14-12mm-1300SN,30,
Kraus,C-GV-500-14-12mm-1300AB,0,Discontinued
Kraus,C-GV-500-14-12mm-1300ORB,0,Discontinued
Kraus,C-GV-500-14-12mm-1800CH,30,
Kraus,C-GV-500-14-12mm-1810CH,30,
Kraus,C-GV-950-12mm-10CH,30,
Kraus,C-GV-950-12mm-10SN,30,
Kraus,C-GV-950-12mm-10AB,0,Discontinued
Kraus,C-GV-950-12mm-10ORB,30,
Kraus,C-GV-950-12mm-10G,30,
Kraus,C-GV-950-12mm-1005CH,30,
Kraus,C-GV-950-12mm-1005SN,30,
Kraus,C-GV-950-12mm-1005ORB,30,
Kraus,C-GV-950-12mm-1800CH,30,
Kraus,C-GV-950-12mm-1810CH,30,
Kraus,C-GVS-901-19mm-10CH,30,
Kraus,C-GVS-901-19mm-10SN,30,
Kraus,C-GVS-901-19mm-10AB,0,Discontinued
Kraus,C-GVS-901-19mm-10ORB,30,
Kraus,C-GVS-901-19mm-10G,30,
Kraus,C-GVS-901-19mm-1002CH,30,
Kraus,C-GVS-901-19mm-1002SN,30,
Kraus,C-GVS-901-19mm-1002AB,0,Discontinued
Kraus,C-GVS-901-19mm-1002ORB,0,Discontinued
Kraus,C-GVS-901-19mm-1005CH,30,
Kraus,C-GVS-901-19mm-1005SN,30,
Kraus,C-GVS-901-19mm-1005ORB,30,
Kraus,C-GVS-901-19mm-1007CH,30,
Kraus,C-GVS-901-19mm-1007SN,30,
Kraus,C-GVS-901-19mm-1007AB,0,Discontinued
Kraus,C-GVS-901-19mm-1007ORB,0,Discontinued
Kraus,C-GVS-901-19mm-1100CH,0,Discontinued
Kraus,C-GVS-901-19mm-1100SN,0,Discontinued
Kraus,C-GVS-901-19mm-1200CH,0,Discontinued
Kraus,C-GVS-901-19mm-1200SN,0,Discontinued
Kraus,C-GVS-901-19mm-1300CH,30,
Kraus,C-GVS-901-19mm-1300SN,30,
Kraus,C-GVS-901-19mm-1300AB,0,Discontinued
Kraus,C-GVS-901-19mm-1300ORB,0,Discontinued
Kraus,C-GVS-901-19mm-1800CH,30,
Kraus,C-GVS-901-19mm-1810CH,30,
Kraus,C-GVS-901-19mm-2180,30,
Kraus,C-GVS-901-19mm-14300CH,30,
Kraus,C-GVS-901-19mm-14600CH,30,
Kraus,C-GVS-901-19mm-14700CH,30,
Kraus,C-GVS-901-19mm-14800CH,0,1/1/2013
Kraus,C-GVS-901-19mm-15000CH,30,
Kraus,C-GVS-901-19mm-15100CH,30,
Kraus,C-GVS-901-19mm-15500CH,30,
Kraus,C-GVS-901-19mm-15500BN,30,
Kraus,C-GVS-901FR-19mm-10CH,30,
Kraus,C-GVS-901FR-19mm-10SN,30,
Kraus,C-GVS-901FR-19mm-10AB,0,Discontinued
Kraus,C-GVS-901FR-19mm-10ORB,30,
Kraus,C-GVS-901FR-19mm-10G,30,
Kraus,C-GVS-901FR-19mm-1002CH,30,
Kraus,C-GVS-901FR-19mm-1002SN,30,
Kraus,C-GVS-901FR-19mm-1002AB,0,Discontinued
Kraus,C-GVS-901FR-19mm-1002ORB,0,Discontinued
Kraus,C-GVS-901FR-19mm-1005CH,30,
Kraus,C-GVS-901FR-19mm-1005SN,30,
Kraus,C-GVS-901FR-19mm-1005ORB,30,
Kraus,C-GVS-901FR-19mm-1007CH,30,
Kraus,C-GVS-901FR-19mm-1007SN,30,
Kraus,C-GVS-901FR-19mm-1007AB,0,Discontinued
Kraus,C-GVS-901FR-19mm-1007ORB,0,Discontinued
Kraus,C-GVS-901FR-19mm-1100CH,0,Discontinued
Kraus,C-GVS-901FR-19mm-1100SN,0,Discontinued
Kraus,C-GVS-901FR-19mm-1200CH,0,Discontinued
Kraus,C-GVS-901FR-19mm-1200SN,0,Discontinued
Kraus,C-GVS-901FR-19mm-1300CH,30,
Kraus,C-GVS-901FR-19mm-1300SN,30,
Kraus,C-GVS-901FR-19mm-1300AB,0,Discontinued
Kraus,C-GVS-901FR-19mm-1300ORB,0,Discontinued
Kraus,C-GVS-901FR-19mm-1800CH,30,
Kraus,C-GVS-901FR-19mm-1810CH,30,
Kraus,C-GVS-901FR-19mm-2180,30,
Kraus,C-GVS-910-15mm-10CH,30,
Kraus,C-GVS-910-15mm-10SN,30,
Kraus,C-GVS-910-15mm-10AB,0,Discontinued
Kraus,C-GVS-910-15mm-10ORB,30,
Kraus,C-GVS-910-15mm-10G,30,
Kraus,C-GVS-910-15mm-1002CH,30,
Kraus,C-GVS-910-15mm-1002SN,30,
Kraus,C-GVS-910-15mm-1002AB,0,Discontinued
Kraus,C-GVS-910-15mm-1002ORB,0,Discontinued
Kraus,C-GVS-910-15mm-1005CH,30,
Kraus,C-GVS-910-15mm-1005SN,30,
Kraus,C-GVS-910-15mm-1005ORB,30,
Kraus,C-GVS-910-15mm-1007CH,30,
Kraus,C-GVS-910-15mm-1007SN,30,
Kraus,C-GVS-910-15mm-1007AB,0,Discontinued
Kraus,C-GVS-910-15mm-1007ORB,0,Discontinued
Kraus,C-GVS-910-15mm-1100CH,0,Discontinued
Kraus,C-GVS-910-15mm-1100SN,0,Discontinued
Kraus,C-GVS-910-15mm-1200CH,0,Discontinued
Kraus,C-GVS-910-15mm-1200SN,0,Discontinued
Kraus,C-GVS-910-15mm-1300CH,30,
Kraus,C-GVS-910-15mm-1300SN,30,
Kraus,C-GVS-910-15mm-1300AB,0,Discontinued
Kraus,C-GVS-910-15mm-1300ORB,0,Discontinued
Kraus,C-GVS-910-15mm-1800CH,30,
Kraus,C-GVS-910-15mm-1810CH,30,
Kraus,C-GVS-910-15mm-2180,30,
Kraus,C-GVS-910-15mm-14300CH,30,
Kraus,C-GVS-910-15mm-14600CH,30,
Kraus,C-GVS-910-15mm-14700CH,30,
Kraus,C-GVS-910-15mm-14800CH,0,1/1/2013
Kraus,C-GVS-910-15mm-15000CH,30,
Kraus,C-GVS-910-15mm-15100CH,30,
Kraus,C-GVS-910-15mm-15200CH,30,
Kraus,C-GVS-910-15mm-15500CH,30,
Kraus,C-GVS-910-15mm-15500BN,30,
Kraus,C-GVS-930-19mm-10CH,10,
Kraus,C-GVS-930-19mm-10SN,10,
Kraus,C-GVS-930-19mm-10AB,0,Discontinued
Kraus,C-GVS-930-19mm-10ORB,10,
Kraus,C-GVS-930-19mm-10G,10,
Kraus,C-GVS-930-19mm-1002CH,10,
Kraus,C-GVS-930-19mm-1002SN,10,
Kraus,C-GVS-930-19mm-1002AB,0,Discontinued
Kraus,C-GVS-930-19mm-1002ORB,0,Discontinued
Kraus,C-GVS-930-19mm-1005CH,10,
Kraus,C-GVS-930-19mm-1005SN,10,
Kraus,C-GVS-930-19mm-1005ORB,10,
Kraus,C-GVS-930-19mm-1007CH,10,
Kraus,C-GVS-930-19mm-1007SN,10,
Kraus,C-GVS-930-19mm-1007AB,0,Discontinued
Kraus,C-GVS-930-19mm-1007ORB,0,Discontinued
Kraus,C-GVS-930-19mm-1100CH,0,Discontinued
Kraus,C-GVS-930-19mm-1100SN,0,Discontinued
Kraus,C-GVS-930-19mm-1200CH,0,Discontinued
Kraus,C-GVS-930-19mm-1200SN,0,Discontinued
Kraus,C-GVS-930-19mm-1300CH,10,
Kraus,C-GVS-930-19mm-1300SN,10,
Kraus,C-GVS-930-19mm-1300AB,0,Discontinued
Kraus,C-GVS-930-19mm-1300ORB,0,Discontinued
Kraus,C-GVS-930-19mm-1800CH,10,
Kraus,C-GVS-930-19mm-1810CH,10,
Kraus,C-GVS-930-19mm-2180,10,
Kraus,C-GVS-930FR-19mm-10CH,30,
Kraus,C-GVS-930FR-19mm-10SN,30,
Kraus,C-GVS-930FR-19mm-10AB,0,Discontinued
Kraus,C-GVS-930FR-19mm-10ORB,30,
Kraus,C-GVS-930FR-19mm-10G,30,
Kraus,C-GVS-930FR-19mm-1002CH,30,
Kraus,C-GVS-930FR-19mm-1002SN,30,
Kraus,C-GVS-930FR-19mm-1002AB,0,Discontinued
Kraus,C-GVS-930FR-19mm-1002ORB,0,Discontinued
Kraus,C-GVS-930FR-19mm-1005CH,30,
Kraus,C-GVS-930FR-19mm-1005SN,30,
Kraus,C-GVS-930FR-19mm-1005ORB,30,
Kraus,C-GVS-930FR-19mm-1007CH,30,
Kraus,C-GVS-930FR-19mm-1007SN,30,
Kraus,C-GVS-930FR-19mm-1007AB,0,Discontinued
Kraus,C-GVS-930FR-19mm-1007ORB,0,Discontinued
Kraus,C-GVS-930FR-19mm-1100CH,0,Discontinued
Kraus,C-GVS-930FR-19mm-1100SN,0,Discontinued
Kraus,C-GVS-930FR-19mm-1200CH,0,Discontinued
Kraus,C-GVS-930FR-19mm-1200SN,0,Discontinued
Kraus,C-GVS-930FR-19mm-1300CH,30,
Kraus,C-GVS-930FR-19mm-1300SN,30,
Kraus,C-GVS-930FR-19mm-1300AB,0,Discontinued
Kraus,C-GVS-930FR-19mm-1300ORB,0,Discontinued
Kraus,C-GVS-930FR-19mm-1800CH,30,
Kraus,C-GVS-930FR-19mm-1810CH,30,
Kraus,C-GVS-930FR-19mm-2180,30,
Kraus,C-GV-200-19mm-10CH,30,
Kraus,C-GV-200-19mm-10SN,30,
Kraus,C-GV-200-19mm-10AB,0,Discontinued
Kraus,C-GV-200-19mm-10ORB,30,
Kraus,C-GV-200-19mm-10G,30,
Kraus,C-GV-200-12mm-10CH,30,
Kraus,C-GV-200-12mm-10SN,30,
Kraus,C-GV-200-12mm-10AB,0,Discontinued
Kraus,C-GV-200-12mm-10ORB,30,
Kraus,C-GV-200-12mm-10G,30,
Kraus,C-GV-200-14-12mm-10CH,0,Discontinued
Kraus,C-GV-200-14-12mm-10SN,0,Discontinued
Kraus,C-GV-200-14-12mm-10AB,0,Discontinued
Kraus,C-GV-200-14-12mm-10ORB,0,Discontinued
Kraus,C-GV-200-14-12mm-10G,0,Discontinued
Kraus,C-GVR-200-RE-10CH,0,Discontinued
Kraus,C-GVR-200-RE-10SN,0,Discontinued
Kraus,C-GVR-200-RE-10AB,0,Discontinued
Kraus,C-GVR-200-RE-10ORB,0,Discontinued
Kraus,C-GVR-200-RE-10G,0,Discontinued
Kraus,C-GV-204-19mm-10CH,0,Discontinued
Kraus,C-GV-204-19mm-10SN,0,Discontinued
Kraus,C-GV-204-19mm-10AB,0,Discontinued
Kraus,C-GV-204-19mm-10ORB,0,Discontinued
Kraus,C-GV-204-19mm-10G,0,Discontinued
Kraus,C-GV-204-12mm-10CH,20,
Kraus,C-GV-204-12mm-10SN,20,
Kraus,C-GV-204-12mm-10AB,0,Discontinued
Kraus,C-GV-204-12mm-10ORB,20,
Kraus,C-GV-204-12mm-10G,20,
Kraus,C-GV-204-14-12mm-10CH,0,Discontinued
Kraus,C-GV-204-14-12mm-10SN,0,Discontinued
Kraus,C-GV-204-14-12mm-10AB,0,Discontinued
Kraus,C-GV-204-14-12mm-10ORB,0,Discontinued
Kraus,C-GV-204-14-12mm-10G,0,Discontinued
Kraus,C-GVR-204-RE-10CH,30,
Kraus,C-GVR-204-RE-10SN,30,
Kraus,C-GVR-204-RE-10AB,0,Discontinued
Kraus,C-GVR-204-RE-10ORB,30,
Kraus,C-GVR-204-RE-10G,30,
Kraus,C-GVR-210-RE-10CH,30,
Kraus,C-GVR-210-RE-10SN,30,
Kraus,C-GVR-210-RE-10AB,0,Discontinued
Kraus,C-GVR-210-RE-10ORB,30,
Kraus,C-GVR-210-RE-10G,30,
Kraus,C-GV-215-12mm-10CH,0,Discontinued
Kraus,C-GV-215-12mm-10SN,0,Discontinued
Kraus,C-GV-215-12mm-10ORB,0,Discontinued
Kraus,C-GV-215-12mm-10G,0,Discontinued
Kraus,C-GV-215-12mm-1005ORB,0,Discontinued
Kraus,C-GV-215-12mm-15000ORB,0,Discontinued
Kraus,C-GV-400-12mm-10CH,0,Discontinued
Kraus,C-GV-400-12mm-10SN,0,Discontinued
Kraus,C-GV-400-12mm-10AB,0,Discontinued
Kraus,C-GV-400-12mm-10ORB,0,Discontinued
Kraus,C-GV-400-12mm-10G,0,Discontinued
Kraus,C-GV-400-12mm-1005ORB,0,Discontinued
Kraus,C-GV-400-12mm-15000ORB,0,Discontinued
Kraus,C-GV-400-14-12mm-10CH,0,Discontinued
Kraus,C-GV-400-14-12mm-10SN,0,Discontinued
Kraus,C-GV-400-14-12mm-10AB,0,Discontinued
Kraus,C-GV-400-14-12mm-10ORB,0,Discontinued
Kraus,C-GV-400-14-12mm-10G,0,Discontinued
Kraus,C-GVR-400-RE-10CH,30,
Kraus,C-GVR-400-RE-10SN,30,
Kraus,C-GVR-400-RE-10AB,0,Discontinued
Kraus,C-GVR-400-RE-10ORB,30,
Kraus,C-GVR-400-RE-10G,30,
Kraus,C-GV-410-12mm-10CH,15,
Kraus,C-GV-410-12mm-10SN,15,
Kraus,C-GV-410-12mm-10AB,0,Discontinued
Kraus,C-GV-410-12mm-10ORB,15,
Kraus,C-GV-410-12mm-10G,15,
Kraus,C-GV-410-12mm-1005ORB,15,
Kraus,C-GV-410-12mm-15000ORB,15,
Kraus,C-GV-410-14-12mm-10CH,0,Discontinued
Kraus,C-GV-410-14-12mm-10SN,0,Discontinued
Kraus,C-GV-410-14-12mm-10AB,0,Discontinued
Kraus,C-GV-410-14-12mm-10ORB,0,Discontinued
Kraus,C-GV-410-14-12mm-10G,0,Discontinued
Kraus,C-GVR-410-RE-10CH,0,Discontinued
Kraus,C-GVR-410-RE-10SN,0,Discontinued
Kraus,C-GVR-410-RE-10AB,0,Discontinued
Kraus,C-GVR-410-RE-10ORB,0,Discontinued
Kraus,C-GVR-410-RE-10G,0,Discontinued
Kraus,C-GV-421-19mm-10CH,0,Discontinued
Kraus,C-GV-421-19mm-10SN,0,Discontinued
Kraus,C-GV-421-19mm-10AB,0,Discontinued
Kraus,C-GV-421-19mm-10ORB,0,Discontinued
Kraus,C-GV-421-19mm-10G,0,Discontinued
Kraus,C-GV-421-12mm-10CH,15,
Kraus,C-GV-421-12mm-10SN,15,
Kraus,C-GV-421-12mm-10AB,0,Discontinued
Kraus,C-GV-421-12mm-10ORB,15,
Kraus,C-GV-421-12mm-10G,15,
Kraus,C-GV-421-12mm-1005ORB,15,
Kraus,C-GV-421-12mm-15000ORB,15,
Kraus,C-GVR-420-RE-10CH,30,
Kraus,C-GVR-420-RE-10SN,30,
Kraus,C-GVR-420-RE-10AB,0,Discontinued
Kraus,C-GVR-420-RE-10ORB,30,
Kraus,C-GVR-420-RE-10G,30,
Kraus,C-GV-430-12mm-10CH,0,Discontinued
Kraus,C-GV-430-12mm-10SN,0,Discontinued
Kraus,C-GV-430-12mm-10AB,0,Discontinued
Kraus,C-GV-430-12mm-10ORB,0,Discontinued
Kraus,C-GV-430-12mm-10G,0,Discontinued
Kraus,C-GV-430-14-12mm-10CH,5,
Kraus,C-GV-430-14-12mm-10SN,5,
Kraus,C-GV-430-14-12mm-10AB,0,Discontinued
Kraus,C-GV-430-14-12mm-10ORB,5,
Kraus,C-GV-430-14-12mm-10G,5,
Kraus,C-GVR-430-RE-10CH,0,Discontinued
Kraus,C-GVR-430-RE-10SN,0,Discontinued
Kraus,C-GVR-430-RE-10AB,0,Discontinued
Kraus,C-GVR-430-RE-10ORB,0,Discontinued
Kraus,C-GVR-430-RE-10G,0,Discontinued
Kraus,C-GV-450-12mm-10CH,0,Discontinued
Kraus,C-GV-450-12mm-10SN,0,Discontinued
Kraus,C-GV-450-12mm-10AB,0,Discontinued
Kraus,C-GV-450-12mm-10ORB,0,Discontinued
Kraus,C-GV-450-12mm-10G,0,Discontinued
Kraus,C-GV-450-12mm-1005ORB,0,Discontinued
Kraus,C-GV-450-12mm-15000ORB,0,Discontinued
Kraus,C-GV-450-14-12mm-10CH,0,Discontinued
Kraus,C-GV-450-14-12mm-10SN,0,Discontinued
Kraus,C-GV-450-14-12mm-10AB,0,Discontinued
Kraus,C-GV-450-14-12mm-10ORB,0,Discontinued
Kraus,C-GV-450-14-12mm-10G,0,Discontinued
Kraus,C-GV-570-12mm-10CH,30,
Kraus,C-GV-570-12mm-10SN,30,
Kraus,C-GV-570-12mm-10ORB,30,
Kraus,C-GV-570-12mm-10G,30,
Kraus,C-GV-570-12mm-1005ORB,30,
Kraus,C-GV-570-12mm-15000ORB,30,
Kraus,C-GV-571-19mm-10CH,30,
Kraus,C-GV-571-19mm-10SN,30,
Kraus,C-GV-571-19mm-10ORB,30,
Kraus,C-GV-571-19mm-10G,30,
Kraus,C-GV-571-19mm-1005ORB,30,
Kraus,C-GV-571-19mm-15000ORB,30,
Kraus,C-GV-580-12mm-10CH,0,11/5/2012
Kraus,C-GV-580-12mm-10SN,0,11/5/2012
Kraus,C-GV-580-12mm-10AB,0,Discontinued
Kraus,C-GV-580-12mm-10ORB,0,11/5/2012
Kraus,C-GV-580-12mm-10G,0,11/5/2012
Kraus,C-GV-580-12mm-1005ORB,0,11/5/2012
Kraus,C-GV-580-12mm-15000ORB,0,11/5/2012
Kraus,C-GV-581-12mm-10CH,30,
Kraus,C-GV-581-12mm-10SN,30,
Kraus,C-GV-581-12mm-10AB,0,Discontinued
Kraus,C-GV-581-12mm-10ORB,30,
Kraus,C-GV-581-12mm-10G,30,
Kraus,C-GV-600-19mm-10CH,30,
Kraus,C-GV-600-19mm-10SN,30,
Kraus,C-GV-600-19mm-10AB,0,Discontinued
Kraus,C-GV-600-19mm-10ORB,30,
Kraus,C-GV-600-19mm-10G,30,
Kraus,C-GV-600-19mm-1002CH,30,
Kraus,C-GV-600-19mm-1002SN,30,
Kraus,C-GV-600-19mm-1002AB,0,Discontinued
Kraus,C-GV-600-19mm-1002ORB,0,Discontinued
Kraus,C-GV-600-19mm-1007CH,30,
Kraus,C-GV-600-19mm-1007SN,30,
Kraus,C-GV-600-19mm-1007AB,0,Discontinued
Kraus,C-GV-600-19mm-1007ORB,0,Discontinued
Kraus,C-GV-600-19mm-1300CH,30,
Kraus,C-GV-600-19mm-1300SN,30,
Kraus,C-GV-600-19mm-1300AB,0,Discontinued
Kraus,C-GV-600-19mm-1300ORB,0,Discontinued
Kraus,C-GV-600-19mm-1005ORB,30,
Kraus,C-GV-600-19mm-15000ORB,30,
Kraus,C-GV-610-19mm-10CH,0,11/5/2012
Kraus,C-GV-610-19mm-10SN,0,11/5/2012
Kraus,C-GV-610-19mm-10AB,0,Discontinued
Kraus,C-GV-610-19mm-10ORB,0,11/5/2012
Kraus,C-GV-610-19mm-10G,0,11/5/2012
Kraus,C-GV-610-19mm-1005ORB,0,11/5/2012
Kraus,C-GV-610-19mm-15000ORB,0,11/5/2012
Kraus,C-GV-620-17mm-10CH,30,
Kraus,C-GV-620-17mm-10SN,30,
Kraus,C-GV-620-17mm-10AB,0,Discontinued
Kraus,C-GV-620-17mm-10ORB,30,
Kraus,C-GV-620-17mm-10G,30,
Kraus,C-GV-620-17mm-1002CH,30,
Kraus,C-GV-620-17mm-1002SN,30,
Kraus,C-GV-620-17mm-1002AB,0,Discontinued
Kraus,C-GV-620-17mm-1002ORB,0,Discontinued
Kraus,C-GV-620-17mm-1007CH,30,
Kraus,C-GV-620-17mm-1007SN,30,
Kraus,C-GV-620-17mm-1007AB,0,Discontinued
Kraus,C-GV-620-17mm-1007ORB,0,Discontinued
Kraus,C-GV-620-17mm-1300CH,30,
Kraus,C-GV-620-17mm-1300SN,30,
Kraus,C-GV-620-17mm-1300AB,0,Discontinued
Kraus,C-GV-620-17mm-1300ORB,0,Discontinued
Kraus,C-GV-620-17mm-1005ORB,30,
Kraus,C-GV-620-17mm-15000ORB,30,
Kraus,C-GV-630-19mm-10CH,30,
Kraus,C-GV-630-19mm-10SN,30,
Kraus,C-GV-630-19mm-10AB,0,Discontinued
Kraus,C-GV-630-19mm-10ORB,30,
Kraus,C-GV-630-19mm-10G,30,
Kraus,C-GV-630-19mm-1002CH,30,
Kraus,C-GV-630-19mm-1002SN,30,
Kraus,C-GV-630-19mm-1002AB,0,Discontinued
Kraus,C-GV-630-19mm-1002ORB,0,Discontinued
Kraus,C-GV-630-19mm-1007CH,30,
Kraus,C-GV-630-19mm-1007SN,30,
Kraus,C-GV-630-19mm-1007AB,0,Discontinued
Kraus,C-GV-630-19mm-1007ORB,0,Discontinued
Kraus,C-GV-630-19mm-1300CH,30,
Kraus,C-GV-630-19mm-1300SN,30,
Kraus,C-GV-630-19mm-1300AB,0,Discontinued
Kraus,C-GV-630-19mm-1300ORB,0,Discontinued
Kraus,C-GV-630-19mm-1005ORB,30,
Kraus,C-GV-630-19mm-15000ORB,30,
Kraus,C-GV-650-19mm-10CH,10,
Kraus,C-GV-650-19mm-10SN,10,
Kraus,C-GV-650-19mm-10AB,0,Discontinued
Kraus,C-GV-650-19mm-10ORB,10,
Kraus,C-GV-650-19mm-10G,10,
Kraus,C-GV-650-19mm-1005ORB,10,
Kraus,C-GV-650-19mm-15000ORB,10,
Kraus,C-GV-651-12mm-10CH,30,
Kraus,C-GV-651-12mm-10SN,30,
Kraus,C-GV-651-12mm-10AB,0,Discontinued
Kraus,C-GV-651-12mm-10ORB,30,
Kraus,C-GV-651-12mm-10G,30,
Kraus,C-GV-651-12mm-1005ORB,30,
Kraus,C-GV-651-12mm-15000ORB,30,
Kraus,C-GV-700-19mm-10CH,25,
Kraus,C-GV-700-19mm-10SN,25,
Kraus,C-GV-700-19mm-10AB,0,Discontinued
Kraus,C-GV-700-19mm-10ORB,25,
Kraus,C-GV-700-19mm-10G,25,
Kraus,C-GV-700-19mm-1005ORB,25,
Kraus,C-GV-700-19mm-15000ORB,25,
Kraus,C-GV-710-12mm-10CH,0,11/5/2012
Kraus,C-GV-710-12mm-10SN,0,11/5/2012
Kraus,C-GV-710-12mm-10ORB,0,11/5/2012
Kraus,C-GV-710-12mm-10G,0,11/5/2012
Kraus,C-GV-710-12mm-1005ORB,0,11/5/2012
Kraus,C-GV-710-12mm-15000ORB,0,11/5/2012
Kraus,KCV-120,30,
Kraus,KCV-121,30,
Kraus,KCV-122,30,
Kraus,KCV-125,30,
Kraus,KCV-135,0,11/2/2012
Kraus,KCV-140,20,
Kraus,KCV-141,30,
Kraus,KCV-142,0,11/5/2012
Kraus,KCV-150,30,
Kraus,KCV-120-CH,30,
Kraus,KCV-120-SN,30,
Kraus,KCV-120-AB,30,
Kraus,KCV-120-ORB,30,
Kraus,KCV-121-CH,30,
Kraus,KCV-121-SN,30,
Kraus,KCV-121-AB,30,
Kraus,KCV-121-ORB,30,
Kraus,KCV-122-CH,30,
Kraus,KCV-122-SN,30,
Kraus,KCV-122-AB,30,
Kraus,KCV-122-ORB,30,
Kraus,KCV-125-CH,30,
Kraus,KCV-125-SN,30,
Kraus,KCV-125-AB,30,
Kraus,KCV-125-ORB,30,
Kraus,KCV-135-CH,0,11/2/2012
Kraus,KCV-135-SN,0,11/2/2012
Kraus,KCV-135-AB,0,11/2/2012
Kraus,KCV-135-ORB,0,11/2/2012
Kraus,KCV-140-CH,20,
Kraus,KCV-140-SN,20,
Kraus,KCV-140-AB,20,
Kraus,KCV-140-ORB,20,
Kraus,KCV-141-CH,30,
Kraus,KCV-141-SN,30,
Kraus,KCV-141-AB,30,
Kraus,KCV-141-ORB,30,
Kraus,KCV-142-CH,0,11/5/2012
Kraus,KCV-142-SN,0,11/5/2012
Kraus,KCV-150-CH,30,
Kraus,KCV-150-SN,30,
Kraus,C-KCV-120-1002CH,30,
Kraus,C-KCV-120-1002SN,30,
Kraus,C-KCV-120-1002AB,0,Discontinued
Kraus,C-KCV-120-1002ORB,0,Discontinued
Kraus,C-KCV-120-1007CH,30,
Kraus,C-KCV-120-1007SN,30,
Kraus,C-KCV-120-1007AB,0,Discontinued
Kraus,C-KCV-120-1007ORB,0,Discontinued
Kraus,C-KCV-120-1200CH,0,Discontinued
Kraus,C-KCV-120-1200SN,0,Discontinued
Kraus,C-KCV-120-1300CH,30,
Kraus,C-KCV-120-1300SN,30,
Kraus,C-KCV-120-1300AB,0,Discontinued
Kraus,C-KCV-120-1300ORB,0,Discontinued
Kraus,C-KCV-120-14300CH,30,
Kraus,C-KCV-120-14600CH,30,
Kraus,C-KCV-120-14700CH,30,
Kraus,C-KCV-120-14800CH,0,1/1/2013
Kraus,C-KCV-120-15000CH,30,
Kraus,C-KCV-120-15000BN,30,
Kraus,C-KCV-120-15000ORB,30,
Kraus,C-KCV-120-15100CH,30,
Kraus,C-KCV-120-15200CH,30,
Kraus,C-KCV-120-15500CH,30,
Kraus,C-KCV-120-15500BN,30,
Kraus,C-KCV-121-1002CH,30,
Kraus,C-KCV-121-1002SN,30,
Kraus,C-KCV-121-1002AB,0,Discontinued
Kraus,C-KCV-121-1002ORB,0,Discontinued
Kraus,C-KCV-121-1007CH,30,
Kraus,C-KCV-121-1007SN,30,
Kraus,C-KCV-121-1007AB,0,Discontinued
Kraus,C-KCV-121-1007ORB,0,Discontinued
Kraus,C-KCV-121-1200CH,0,Discontinued
Kraus,C-KCV-121-1200SN,0,Discontinued
Kraus,C-KCV-121-1300CH,30,
Kraus,C-KCV-121-1300SN,30,
Kraus,C-KCV-121-1300AB,0,Discontinued
Kraus,C-KCV-121-1300ORB,0,Discontinued
Kraus,C-KCV-121-14300CH,30,
Kraus,C-KCV-121-14600CH,30,
Kraus,C-KCV-121-14700CH,30,
Kraus,C-KCV-121-14800CH,0,1/1/2013
Kraus,C-KCV-121-15000CH,30,
Kraus,C-KCV-121-15000BN,30,
Kraus,C-KCV-121-15000ORB,30,
Kraus,C-KCV-121-15100CH,30,
Kraus,C-KCV-121-15200CH,30,
Kraus,C-KCV-121-15500CH,30,
Kraus,C-KCV-121-15500BN,30,
Kraus,C-KCV-122-1002CH,30,
Kraus,C-KCV-122-1002SN,30,
Kraus,C-KCV-122-1002AB,0,Discontinued
Kraus,C-KCV-122-1002ORB,0,Discontinued
Kraus,C-KCV-122-1007CH,30,
Kraus,C-KCV-122-1007SN,30,
Kraus,C-KCV-122-1007AB,0,Discontinued
Kraus,C-KCV-122-1007ORB,0,Discontinued
Kraus,C-KCV-122-1300CH,30,
Kraus,C-KCV-122-1300SN,30,
Kraus,C-KCV-122-1300AB,0,Discontinued
Kraus,C-KCV-122-1300ORB,0,Discontinued
Kraus,C-KCV-122-14300CH,30,
Kraus,C-KCV-122-14600CH,30,
Kraus,C-KCV-122-14700CH,30,
Kraus,C-KCV-122-14800CH,0,1/1/2013
Kraus,C-KCV-122-15000CH,30,
Kraus,C-KCV-122-15000BN,30,
Kraus,C-KCV-122-15000ORB,30,
Kraus,C-KCV-122-15100CH,30,
Kraus,C-KCV-122-15200CH,30,
Kraus,C-KCV-122-15500CH,30,
Kraus,C-KCV-122-15500BN,30,
Kraus,C-KCV-125-1002CH,30,
Kraus,C-KCV-125-1002SN,30,
Kraus,C-KCV-125-1002AB,0,Discontinued
Kraus,C-KCV-125-1002ORB,0,Discontinued
Kraus,C-KCV-125-1007CH,30,
Kraus,C-KCV-125-1007SN,30,
Kraus,C-KCV-125-1007AB,0,Discontinued
Kraus,C-KCV-125-1007ORB,0,Discontinued
Kraus,C-KCV-125-1200CH,0,Discontinued
Kraus,C-KCV-125-1200SN,0,Discontinued
Kraus,C-KCV-125-1300CH,30,
Kraus,C-KCV-125-1300SN,30,
Kraus,C-KCV-125-1300AB,0,Discontinued
Kraus,C-KCV-125-1300ORB,0,Discontinued
Kraus,C-KCV-125-14300CH,30,
Kraus,C-KCV-125-14600CH,30,
Kraus,C-KCV-125-14700CH,30,
Kraus,C-KCV-125-14800CH,0,Discontinued
Kraus,C-KCV-125-15000CH,30,
Kraus,C-KCV-125-15000BN,30,
Kraus,C-KCV-125-15000ORB,30,
Kraus,C-KCV-125-15100CH,30,
Kraus,C-KCV-125-15200CH,30,
Kraus,C-KCV-125-15500CH,30,
Kraus,C-KCV-125-15500BN,30,
Kraus,C-KCV-135-1002CH,0,11/2/2012
Kraus,C-KCV-135-1002SN,0,11/2/2012
Kraus,C-KCV-135-1002AB,0,Discontinued
Kraus,C-KCV-135-1002ORB,0,Discontinued
Kraus,C-KCV-135-1007CH,0,11/2/2012
Kraus,C-KCV-135-1007SN,0,11/2/2012
Kraus,C-KCV-135-1007AB,0,Discontinued
Kraus,C-KCV-135-1007ORB,0,Discontinued
Kraus,C-KCV-135-1200CH,0,Discontinued
Kraus,C-KCV-135-1200SN,0,Discontinued
Kraus,C-KCV-135-1300CH,0,11/2/2012
Kraus,C-KCV-135-1300SN,0,11/2/2012
Kraus,C-KCV-135-1300AB,0,Discontinued
Kraus,C-KCV-135-1300ORB,0,Discontinued
Kraus,C-KCV-135-14300CH,0,11/2/2012
Kraus,C-KCV-135-14600CH,0,11/2/2012
Kraus,C-KCV-135-14700CH,0,11/2/2012
Kraus,C-KCV-135-14800CH,0,11/2/2012
Kraus,C-KCV-135-15000CH,0,11/2/2012
Kraus,C-KCV-135-15000BN,0,11/2/2012
Kraus,C-KCV-135-15000ORB,0,11/2/2012
Kraus,C-KCV-135-15100CH,0,11/2/2012
Kraus,C-KCV-135-15200CH,0,11/2/2012
Kraus,C-KCV-135-15500CH,0,11/2/2012
Kraus,C-KCV-135-15500BN,0,11/2/2012
Kraus,C-KCV-140-1002CH,20,
Kraus,C-KCV-140-1002SN,20,
Kraus,C-KCV-140-1002AB,0,Discontinued
Kraus,C-KCV-140-1002ORB,0,Discontinued
Kraus,C-KCV-140-1007CH,20,
Kraus,C-KCV-140-1007SN,20,
Kraus,C-KCV-140-1007AB,0,Discontinued
Kraus,C-KCV-140-1007ORB,0,Discontinued
Kraus,C-KCV-140-1200CH,0,Discontinued
Kraus,C-KCV-140-1200SN,0,Discontinued
Kraus,C-KCV-140-1300CH,20,
Kraus,C-KCV-140-1300SN,20,
Kraus,C-KCV-140-1300AB,0,Discontinued
Kraus,C-KCV-140-1300ORB,0,Discontinued
Kraus,C-KCV-140-14300CH,20,
Kraus,C-KCV-140-14600CH,20,
Kraus,C-KCV-140-14700CH,20,
Kraus,C-KCV-140-14800CH,0,1/1/2013
Kraus,C-KCV-140-15000CH,20,
Kraus,C-KCV-140-15000BN,20,
Kraus,C-KCV-140-15000ORB,20,
Kraus,C-KCV-140-15100CH,20,
Kraus,C-KCV-140-15200CH,20,
Kraus,C-KCV-140-15500CH,20,
Kraus,C-KCV-140-15500BN,20,
Kraus,C-KCV-141-1002CH,30,
Kraus,C-KCV-141-1002SN,30,
Kraus,C-KCV-141-1002AB,0,Discontinued
Kraus,C-KCV-141-1002ORB,0,Discontinued
Kraus,C-KCV-141-1007CH,30,
Kraus,C-KCV-141-1007SN,30,
Kraus,C-KCV-141-1007AB,0,Discontinued
Kraus,C-KCV-141-1007ORB,0,Discontinued
Kraus,C-KCV-141-1200CH,0,Discontinued
Kraus,C-KCV-141-1200SN,0,Discontinued
Kraus,C-KCV-141-1300CH,30,
Kraus,C-KCV-141-1300SN,30,
Kraus,C-KCV-141-1300AB,0,Discontinued
Kraus,C-KCV-141-1300ORB,0,Discontinued
Kraus,C-KCV-141-14300CH,30,
Kraus,C-KCV-141-14600CH,30,
Kraus,C-KCV-141-14700CH,30,
Kraus,C-KCV-141-14800CH,0,1/1/2013
Kraus,C-KCV-141-15000CH,30,
Kraus,C-KCV-141-15000BN,30,
Kraus,C-KCV-141-15000ORB,30,
Kraus,C-KCV-141-15100CH,30,
Kraus,C-KCV-141-15200CH,30,
Kraus,C-KCV-141-15500CH,30,
Kraus,C-KCV-141-15500BN,30,
Kraus,C-KCV-142-14301CH,0,11/5/2012
Kraus,C-KCV-142-14601CH,0,11/5/2012
Kraus,C-KCV-142-14701CH,0,11/5/2012
Kraus,C-KCV-142-14801CH,0,1/1/2013
Kraus,C-KCV-142-14901CH,0,11/5/2012
Kraus,C-KCV-142-14901BN,0,11/5/2012
Kraus,C-KCV-142-15001CH,0,11/5/2012
Kraus,C-KCV-142-15001BN,0,11/5/2012
Kraus,C-KCV-142-15001ORB,0,11/5/2012
Kraus,C-KCV-142-15101CH,0,11/5/2012
Kraus,C-KCV-142-15201CH,0,11/5/2012
Kraus,C-KCV-142-15501CH,0,11/5/2012
Kraus,C-KCV-142-15501BN,0,11/5/2012
Kraus,C-KCV-142-16000CH,0,11/5/2012
Kraus,C-KCV-142-16000BN,0,11/5/2012
Kraus,C-KCV-142-16000ORB,0,11/5/2012
Kraus,C-KCV-142-16000G,0,11/5/2012
Kraus,C-KCV-150-14301CH,30,
Kraus,C-KCV-150-14601CH,30,
Kraus,C-KCV-150-14701CH,15,
Kraus,C-KCV-150-14801CH,0,1/1/2013
Kraus,C-KCV-150-14901CH,30,
Kraus,C-KCV-150-14901BN,30,
Kraus,C-KCV-150-15001CH,30,
Kraus,C-KCV-150-15001BN,30,
Kraus,C-KCV-150-15001ORB,30,
Kraus,C-KCV-150-15101CH,30,
Kraus,C-KCV-150-15201CH,30,
Kraus,C-KCV-150-15501CH,0,Discontinued
Kraus,C-KCV-150-15501BN,0,Discontinued
Kraus,C-KCV-150-16000CH,30,
Kraus,C-KCV-150-16000BN,30,
Kraus,C-KCV-150-16000ORB,30,
Kraus,C-KCV-150-16000G,30,
Kraus,KGW-1700CH-CL,30,
Kraus,KGW-1700CH-FR,30,
Kraus,KGW-1700CH-BRCL,30,
Kraus,KGW-1700CH-BRFR,30,
Kraus,KGW-1700CH-BLCL,30,
Kraus,KGW-1700CH-BLFR,30,
Kraus,KGW-1700SN-CL,30,
Kraus,KGW-1700SN-FR,30,
Kraus,KGW-1700SN-BRCL,30,
Kraus,KGW-1700SN-BRFR,30,
Kraus,KGW-1700SN-BLCL,30,
Kraus,KGW-1700SN-BLFR,30,
Kraus,KGW-1700AB-CL,0,Discontinued
Kraus,KGW-1700ORB-CL,30,
Kraus,KGW-1700ORB-FR,30,
Kraus,KGW-1700ORB-BRCL,30,
Kraus,KGW-1700ORB-BRFR,30,
Kraus,KGW-1700ORB-BLCL,30,
Kraus,KGW-1700ORB-BLFR,30,
Kraus,KGW-1700G-CL,30,
Kraus,KGW-1700G-FR,30,
Kraus,KGW-1700G-BRCL,30,
Kraus,KGW-1700G-BRFR,30,
Kraus,KGW-1700G-BLCL,30,
Kraus,KGW-1700G-BLFR,30,
Kraus,KGW-1700-PU-10CH-CL,30,
Kraus,KGW-1700-PU-10CH-FR,30,
Kraus,KGW-1700-PU-10CH-BRCL,30,
Kraus,KGW-1700-PU-10CH-BRFR,30,
Kraus,KGW-1700-PU-10CH-BLCL,30,
Kraus,KGW-1700-PU-10CH-BLFR,30,
Kraus,KGW-1700-PU-10SN-CL,30,
Kraus,KGW-1700-PU-10SN-FR,30,
Kraus,KGW-1700-PU-10SN-BRCL,30,
Kraus,KGW-1700-PU-10SN-BRFR,30,
Kraus,KGW-1700-PU-10SN-BLCL,30,
Kraus,KGW-1700-PU-10SN-BLFR,30,
Kraus,KGW-1700-PU-10AB-CL,0,Discontinued
Kraus,KGW-1700-PU-10ORB-CL,30,
Kraus,KGW-1700-PU-10ORB-FR,30,
Kraus,KGW-1700-PU-10ORB-BRCL,30,
Kraus,KGW-1700-PU-10ORB-BRFR,30,
Kraus,KGW-1700-PU-10ORB-BLCL,30,
Kraus,KGW-1700-PU-10ORB-BLFR,30,
Kraus,KGW-1700-PU-10G-CL,30,
Kraus,KGW-1700-PU-10G-FR,30,
Kraus,KGW-1700-PU-10G-BRCL,30,
Kraus,KGW-1700-PU-10G-BRFR,30,
Kraus,KGW-1700-PU-10G-BLCL,30,
Kraus,KGW-1700-PU-10G-BLFR,30,
Kraus,FVS-1002CH,30,
Kraus,FVS-1002SN,30,
Kraus,FVS-1002AB,0,Discontinued
Kraus,FVS-1002ORB,0,Discontinued
Kraus,FVS-1005CH,30,
Kraus,FVS-1005SN,30,
Kraus,FVS-1005ORB,30,
Kraus,FVS-1007CH,30,
Kraus,FVS-1007SN,30,
Kraus,FVS-1007AB,0,Discontinued
Kraus,FVS-1007ORB,0,Discontinued
Kraus,FVS-1100CH,0,Discontinued
Kraus,FVS-1100SN,0,Discontinued
Kraus,MIL-1200CH,0,Discontinued
Kraus,MIL-1200SN,0,Discontinued
Kraus,MIL-1202CH,30,
Kraus,MIL-1202SN,30,
Kraus,KBF-1300CH,30,
Kraus,KBF-1300SN,30,
Kraus,KBF-1300AB,0,Discontinued
Kraus,KBF-1300ORB,0,Discontinued
Kraus,FVS-1800CH,30,
Kraus,FVS-1810CH,30,
Kraus,KVF-2180,30,
Kraus,KEF-14300CH,30,
Kraus,KEF-14600CH,30,
Kraus,KEF-14700CH,30,
Kraus,KEF-14800CH,0,1/1/2013
Kraus,KEF-15000CH,30,
Kraus,KEF-15000BN,30,
Kraus,KEF-15000ORB,30,
Kraus,KEF-15100CH,30,
Kraus,KEF-15200CH,30,
Kraus,KEF-15500CH,30,
Kraus,KEF-15500BN,30,
Kraus,KEF-14301CH,30,
Kraus,KEF-14601CH,30,
Kraus,KEF-14701CH,15,
Kraus,KEF-14801CH,0,1/1/2013
Kraus,KEF-14901CH,30,
Kraus,KEF-14901BN,30,
Kraus,KEF-15001CH,30,
Kraus,KEF-15001BN,30,
Kraus,KEF-15001ORB,30,
Kraus,KEF-15101CH,30,
Kraus,KEF-15201CH,30,
Kraus,KEF-15501CH,30,
Kraus,KEF-15501BN,30,
Kraus,KEF-16000CH,30,
Kraus,KEF-16000BN,30,
Kraus,KEF-16000ORB,30,
Kraus,KEF-16000G,30,
Kraus,KEF-14303CH,30,
Kraus,KEF-14603CH,30,
Kraus,KEF-14703CH,30,
Kraus,KEF-14803CH,0,1/1/2013
Kraus,KEF-16003CH,30,
Kraus,KEF-16003BN,30,
Kraus,KEF-16003ORB,30,
Kraus,KEF-16003G,30,
Kraus,KEF-14607CH,30,
Kraus,KEF-14606CH,30,
Kraus,KEF-15106CH,30,
Kraus,PHOENIX-1,0,1/1/2013
Kraus,PHOENIX-2,30,
Kraus,FVS-1002-PU-10CH,30,
Kraus,FVS-1002-PU-10SN,30,
Kraus,FVS-1002-PU-10AB,0,Discontinued
Kraus,FVS-1002-PU-10ORB,0,Discontinued
Kraus,FVS-1005-PU-10CH,30,
Kraus,FVS-1005-PU-10SN,30,
Kraus,FVS-1005-PU-10ORB,30,
Kraus,FVS-1007-PU-10CH,30,
Kraus,FVS-1007-PU-10SN,30,
Kraus,FVS-1007-PU-10AB,0,Discontinued
Kraus,FVS-1007-PU-10ORB,0,Discontinued
Kraus,FVS-1100-PU-10CH,0,Discontinued
Kraus,FVS-1100-PU-10SN,0,Discontinued
Kraus,MIL-1200-PU-10CH,0,Discontinued
Kraus,MIL-1200-PU-10SN,0,Discontinued
Kraus,KBF-1300-PU-10CH,30,
Kraus,KBF-1300-PU-10SN,30,
Kraus,KBF-1300-PU-10AB,0,Discontinued
Kraus,KBF-1300-PU-10ORB,0,Discontinued
Kraus,FVS-1800-PU-10CH,30,
Kraus,FVS-1810-PU-10CH,30,
Kraus,KVF-2180-PU-10SN,30,
Kraus,KEF-14300-PU-10CH,30,
Kraus,KEF-14600-PU-10CH,30,
Kraus,KEF-14700-PU-10CH,30,
Kraus,KEF-14800-PU-10CH,0,1/1/2013
Kraus,KEF-15000-PU-10CH,30,
Kraus,KEF-15000-PU15BN,30,
Kraus,KEF-15000-PU15ORB,30,
Kraus,KEF-15100-PU-10CH,30,
Kraus,KEF-15200-PU10CH,30,
Kraus,KEF-15500-PU10CH,30,
Kraus,KEF-15500-PU15BN,30,
Kraus,KEF-14301-PU11CH,30,
Kraus,KEF-14601-PU11CH,30,
Kraus,KEF-14701-PU11CH,15,
Kraus,KEF-14801-PU11CH,0,1/1/2013
Kraus,KEF-14901-PU11CH,30,
Kraus,KEF-14901-PU16BN,30,
Kraus,KEF-15001-PU11CH,30,
Kraus,KEF-15001-PU16BN,30,
Kraus,KEF-15001-PU16ORB,30,
Kraus,KEF-15101-PU11CH,30,
Kraus,KEF-15201-PU11CH,30,
Kraus,KEF-15501-PU11CH,30,
Kraus,KEF-15501-PU16BN,30,
Kraus,KEF-16000-PU11CH,30,
Kraus,KEF-16000-PU16BN,30,
Kraus,KEF-16000-PU16ORB,30,
Kraus,KEF-14303-PU11CH,30,
Kraus,KEF-14603-PU11CH,30,
Kraus,KEF-14703-PU11CH,30,
Kraus,KHF200-30,30,
Kraus,KHF200-33,30,
Kraus,KHF200-36,30,
Kraus,KHF203-33,30,
Kraus,KHF203-36,30,
Kraus,KHF204-33,30,
Kraus,KHU100-30,30,
Kraus,KHU100-32,30,
Kraus,KHU101-23,30,
Kraus,KHU102-33,30,
Kraus,KHU103-33,30,
Kraus,KHU104-33,30,
Kraus,KHU105-32,30,
Kraus,KHU121-23,30,
Kraus,KHU122-23,30,
Kraus,KHU123-32,30,
Kraus,KHU301-45,0,Discontinued
Kraus,KBU10,30,
Kraus,KBU11,30,
Kraus,KBU12,30,
Kraus,KBU14,30,
Kraus,KBU15,30,
Kraus,KBU16,30,
Kraus,KBU17,15,
Kraus,KBU21,30,
Kraus,KBU22,30,
Kraus,KBU23,30,
Kraus,KBU24,30,
Kraus,KBU25,0,11/25/2012
Kraus,KBU26,30,
Kraus,KBU27,30,
Kraus,KBU28,30,
Kraus,KBU29,0,12/2/2012
Kraus,KTM24,30,
Kraus,KTM25,30,
Kraus,KTM32,0,11/25/2012
Kraus,KTM33,0,11/25/2012
Kraus,KHF200-30-KPF1602-KSD30CH,30,
Kraus,KHF200-30-KPF1612-KSD30CH,30,
Kraus,KHF200-30-KPF1621-KSD30CH,30,
Kraus,KHF200-30-KPF1622-KSD30CH,30,
Kraus,KHF200-30-KPF1650-KSD30CH,30,
Kraus,KHF200-30-KPF2110-SD20,30,
Kraus,KHF200-30-KPF2120-SD20,30,
Kraus,KHF200-30-KPF2130-SD20,30,
Kraus,KHF200-30-KPF2150-SD20,30,
Kraus,KHF200-30-KPF2160-SD20,30,
Kraus,KHF200-30-KPF2170-SD20,30,
Kraus,KHF200-30-KPF2210-KSD30CH,30,
Kraus,KHF200-30-KPF2210-KSD30SN,30,
Kraus,KHF200-30-KPF2210-KSD30ORB,30,
Kraus,KHF200-30-KPF2220-KSD30CH,30,
Kraus,KHF200-30-KPF2220-KSD30SN,30,
Kraus,KHF200-30-KPF2220-KSD30ORB,30,
Kraus,KHF200-30-KPF2230-KSD30CH,30,
Kraus,KHF200-30-KPF2230-KSD30SN,30,
Kraus,KHF200-30-KPF2230-KSD30ORB,30,
Kraus,KHF200-33-KPF1602-KSD30CH,30,
Kraus,KHF200-33-KPF1612-KSD30CH,30,
Kraus,KHF200-33-KPF1621-KSD30CH,30,
Kraus,KHF200-33-KPF1622-KSD30CH,30,
Kraus,KHF200-33-KPF1650-KSD30CH,30,
Kraus,KHF200-33-KPF2110-SD20,30,
Kraus,KHF200-33-KPF2120-SD20,30,
Kraus,KHF200-33-KPF2130-SD20,30,
Kraus,KHF200-33-KPF2150-SD20,30,
Kraus,KHF200-33-KPF2170-SD20,30,
Kraus,KHF200-33-KPF2210-KSD30CH,30,
Kraus,KHF200-33-KPF2210-KSD30SN,30,
Kraus,KHF200-33-KPF2210-KSD30ORB,30,
Kraus,KHF200-33-KPF2220-KSD30CH,30,
Kraus,KHF200-33-KPF2220-KSD30SN,30,
Kraus,KHF200-33-KPF2220-KSD30ORB,30,
Kraus,KHF200-36-KPF1602-KSD30CH,30,
Kraus,KHF200-36-KPF1612-KSD30CH,30,
Kraus,KHF200-36-KPF1621-KSD30CH,30,
Kraus,KHF200-36-KPF1622-KSD30CH,30,
Kraus,KHF200-36-KPF1650-KSD30CH,30,
Kraus,KHF200-36-KPF2110-SD20,30,
Kraus,KHF200-36-KPF2120-SD20,30,
Kraus,KHF200-36-KPF2130-SD20,30,
Kraus,KHF200-36-KPF2150-SD20,30,
Kraus,KHF200-36-KPF2170-SD20,30,
Kraus,KHF200-36-KPF2210-KSD30CH,30,
Kraus,KHF200-36-KPF2210-KSD30SN,30,
Kraus,KHF200-36-KPF2210-KSD30ORB,30,
Kraus,KHF200-36-KPF2220-KSD30CH,30,
Kraus,KHF200-36-KPF2220-KSD30SN,30,
Kraus,KHF200-36-KPF2220-KSD30ORB,30,
Kraus,KHF203-33-KPF1602-KSD30CH,30,
Kraus,KHF203-33-KPF1612-KSD30CH,30,
Kraus,KHF203-33-KPF1621-KSD30CH,30,
Kraus,KHF203-33-KPF1622-KSD30CH,30,
Kraus,KHF203-33-KPF1650-KSD30CH,30,
Kraus,KHF203-33-KPF2110-SD20,30,
Kraus,KHF203-33-KPF2120-SD20,30,
Kraus,KHF203-33-KPF2130-SD20,30,
Kraus,KHF203-33-KPF2150-SD20,30,
Kraus,KHF203-33-KPF2170-SD20,30,
Kraus,KHF203-33-KPF2210-KSD30CH,30,
Kraus,KHF203-33-KPF2210-KSD30SN,30,
Kraus,KHF203-33-KPF2210-KSD30ORB,30,
Kraus,KHF203-33-KPF2220-KSD30CH,30,
Kraus,KHF203-33-KPF2220-KSD30SN,30,
Kraus,KHF203-33-KPF2220-KSD30ORB,30,
Kraus,KHF203-36-KPF1602-KSD30CH,30,
Kraus,KHF203-36-KPF1612-KSD30CH,30,
Kraus,KHF203-36-KPF1621-KSD30CH,30,
Kraus,KHF203-36-KPF1622-KSD30CH,30,
Kraus,KHF203-36-KPF1650-KSD30CH,30,
Kraus,KHF203-36-KPF2110-SD20,30,
Kraus,KHF203-36-KPF2120-SD20,30,
Kraus,KHF203-36-KPF2130-SD20,30,
Kraus,KHF203-36-KPF2150-SD20,30,
Kraus,KHF203-36-KPF2170-SD20,30,
Kraus,KHF203-36-KPF2210-KSD30CH,30,
Kraus,KHF203-36-KPF2210-KSD30SN,30,
Kraus,KHF203-36-KPF2210-KSD30ORB,30,
Kraus,KHF203-36-KPF2220-KSD30CH,30,
Kraus,KHF203-36-KPF2220-KSD30SN,30,
Kraus,KHF203-36-KPF2220-KSD30ORB,30,
Kraus,KHU100-30-KPF1602-KSD30CH,30,
Kraus,KHU100-30-KPF1612-KSD30CH,30,
Kraus,KHU100-30-KPF1621-KSD30CH,30,
Kraus,KHU100-30-KPF1622-KSD30CH,30,
Kraus,KHU100-30-KPF1650-KSD30CH,30,
Kraus,KHU100-30-KPF2110-SD20,30,
Kraus,KHU100-30-KPF2120-SD20,30,
Kraus,KHU100-30-KPF2121-SD20,0,11/15/2012
Kraus,KHU100-30-KPF2130-SD20,30,
Kraus,KHU100-30-KPF2140-SD20,30,
Kraus,KHU100-30-KPF2150-SD20,30,
Kraus,KHU100-30-KPF2160-SD20,30,
Kraus,KHU100-30-KPF2170-SD20,30,
Kraus,KHU100-30-KPF2210-KSD30CH,30,
Kraus,KHU100-30-KPF2210-KSD30SN,30,
Kraus,KHU100-30-KPF2210-KSD30ORB,30,
Kraus,KHU100-30-KPF2220-KSD30CH,30,
Kraus,KHU100-30-KPF2220-KSD30SN,30,
Kraus,KHU100-30-KPF2220-KSD30ORB,30,
Kraus,KHU100-30-KPF2230-KSD30CH,30,
Kraus,KHU100-30-KPF2230-KSD30SN,30,
Kraus,KHU100-30-KPF2230-KSD30ORB,30,
Kraus,KHU100-32-KPF1602-KSD30CH,30,
Kraus,KHU100-32-KPF1612-KSD30CH,30,
Kraus,KHU100-32-KPF1621-KSD30CH,30,
Kraus,KHU100-32-KPF1622-KSD30CH,30,
Kraus,KHU100-32-KPF1650-KSD30CH,30,
Kraus,KHU100-32-KPF2110-SD20,30,
Kraus,KHU100-32-KPF2120-SD20,30,
Kraus,KHU100-32-KPF2130-SD20,30,
Kraus,KHU100-32-KPF2150-SD20,30,
Kraus,KHU100-32-KPF2160-SD20,30,
Kraus,KHU100-32-KPF2170-SD20,30,
Kraus,KHU100-32-KPF2210-KSD30CH,30,
Kraus,KHU100-32-KPF2210-KSD30SN,30,
Kraus,KHU100-32-KPF2210-KSD30ORB,30,
Kraus,KHU100-32-KPF2220-KSD30CH,30,
Kraus,KHU100-32-KPF2220-KSD30SN,30,
Kraus,KHU100-32-KPF2220-KSD30ORB,30,
Kraus,KHU101-23-KPF1612-KSD30CH,30,
Kraus,KHU101-23-KPF1621-KSD30CH,30,
Kraus,KHU101-23-KPF1622-KSD30CH,30,
Kraus,KHU101-23-KPF1650-KSD30CH,30,
Kraus,KHU101-23-KPF2110-SD20,30,
Kraus,KHU101-23-KPF2120-SD20,30,
Kraus,KHU101-23-KPF2121-SD20,0,11/15/2012
Kraus,KHU101-23-KPF2130-SD20,30,
Kraus,KHU101-23-KPF2160-SD20,30,
Kraus,KHU101-23-KPF2210-KSD30CH,30,
Kraus,KHU101-23-KPF2210-KSD30SN,30,
Kraus,KHU101-23-KPF2210-KSD30ORB,30,
Kraus,KHU101-23-KPF2220-KSD30CH,30,
Kraus,KHU101-23-KPF2220-KSD30SN,30,
Kraus,KHU101-23-KPF2220-KSD30ORB,30,
Kraus,KHU102-33-KPF1602-KSD30CH,30,
Kraus,KHU102-33-KPF1612-KSD30CH,30,
Kraus,KHU102-33-KPF1621-KSD30CH,30,
Kraus,KHU102-33-KPF1622-KSD30CH,30,
Kraus,KHU102-33-KPF1650-KSD30CH,30,
Kraus,KHU102-33-KPF2110-SD20,30,
Kraus,KHU102-33-KPF2120-SD20,30,
Kraus,KHU102-33-KPF2130-SD20,30,
Kraus,KHU102-33-KPF2140-SD20,30,
Kraus,KHU102-33-KPF2160-SD20,30,
Kraus,KHU102-33-KPF2210-KSD30CH,30,
Kraus,KHU102-33-KPF2210-KSD30SN,30,
Kraus,KHU102-33-KPF2210-KSD30ORB,30,
Kraus,KHU102-33-KPF2220-KSD30CH,30,
Kraus,KHU102-33-KPF2220-KSD30SN,30,
Kraus,KHU102-33-KPF2220-KSD30ORB,30,
Kraus,KHU103-33-KPF1602-KSD30CH,30,
Kraus,KHU103-33-KPF1612-KSD30CH,30,
Kraus,KHU103-33-KPF1621-KSD30CH,30,
Kraus,KHU103-33-KPF1622-KSD30CH,30,
Kraus,KHU103-33-KPF1650-KSD30CH,30,
Kraus,KHU103-33-KPF2110-SD20,30,
Kraus,KHU103-33-KPF2120-SD20,30,
Kraus,KHU103-33-KPF2130-SD20,30,
Kraus,KHU103-33-KPF2150-SD20,30,
Kraus,KHU103-33-KPF2160-SD20,30,
Kraus,KHU103-33-KPF2170-SD20,30,
Kraus,KHU103-33-KPF2210-KSD30CH,30,
Kraus,KHU103-33-KPF2210-KSD30SN,30,
Kraus,KHU103-33-KPF2210-KSD30ORB,30,
Kraus,KHU103-33-KPF2220-KSD30CH,30,
Kraus,KHU103-33-KPF2220-KSD30SN,30,
Kraus,KHU103-33-KPF2220-KSD30ORB,30,
Kraus,KHU103-33-KPF2230-KSD30CH,30,
Kraus,KHU103-33-KPF2230-KSD30SN,30,
Kraus,KHU103-33-KPF2230-KSD30ORB,30,
Kraus,KHU121-23-KPF1612-KSD30CH,30,
Kraus,KHU121-23-KPF1621-KSD30CH,30,
Kraus,KHU121-23-KPF1622-KSD30CH,30,
Kraus,KHU121-23-KPF1650-KSD30CH,30,
Kraus,KHU121-23-KPF2110-SD20,30,
Kraus,KHU121-23-KPF2120-SD20,30,
Kraus,KHU121-23-KPF2121-SD20,0,11/15/2012
Kraus,KHU121-23-KPF2130-SD20,30,
Kraus,KHU121-23-KPF2160-SD20,30,
Kraus,KHU121-23-KPF2210-KSD30CH,30,
Kraus,KHU121-23-KPF2210-KSD30SN,30,
Kraus,KHU121-23-KPF2210-KSD30ORB,30,
Kraus,KHU121-23-KPF2220-KSD30CH,30,
Kraus,KHU121-23-KPF2220-KSD30SN,30,
Kraus,KHU121-23-KPF2220-KSD30ORB,30,
Kraus,KHU123-32-KPF1602-KSD30CH,30,
Kraus,KHU123-32-KPF1612-KSD30CH,30,
Kraus,KHU123-32-KPF1621-KSD30CH,30,
Kraus,KHU123-32-KPF1622-KSD30CH,30,
Kraus,KHU123-32-KPF1650-KSD30CH,30,
Kraus,KHU123-32-KPF2110-SD20,30,
Kraus,KHU123-32-KPF2120-SD20,30,
Kraus,KHU123-32-KPF2130-SD20,30,
Kraus,KHU123-32-KPF2150-SD20,30,
Kraus,KHU123-32-KPF2160-SD20,30,
Kraus,KHU123-32-KPF2170-SD20,30,
Kraus,KHU123-32-KPF2210-KSD30CH,30,
Kraus,KHU123-32-KPF2210-KSD30SN,30,
Kraus,KHU123-32-KPF2210-KSD30ORB,30,
Kraus,KHU123-32-KPF2220-KSD30CH,30,
Kraus,KHU123-32-KPF2220-KSD30SN,30,
Kraus,KHU123-32-KPF2220-KSD30ORB,30,
Kraus,KHU123-32-KPF2230-KSD30CH,30,
Kraus,KHU123-32-KPF2230-KSD30SN,30,
Kraus,KHU123-32-KPF2230-KSD30ORB,30,
Kraus,KBU10-KPF1612-KSD30CH,30,
Kraus,KBU10-KPF1621-KSD30CH,30,
Kraus,KBU10-KPF1622-KSD30CH,30,
Kraus,KBU10-KPF1650-KSD30CH,30,
Kraus,KBU10-KPF2110-SD20,30,
Kraus,KBU10-KPF2120-SD20,30,
Kraus,KBU10-KPF2121-SD20,0,11/15/2012
Kraus,KBU10-KPF2130-SD20,30,
Kraus,KBU10-KPF2160-SD20,30,
Kraus,KBU10-KPF2210-KSD30CH,30,
Kraus,KBU10-KPF2210-KSD30SN,30,
Kraus,KBU10-KPF2210-KSD30ORB,30,
Kraus,KBU10-KPF2220-KSD30CH,30,
Kraus,KBU10-KPF2220-KSD30SN,30,
Kraus,KBU10-KPF2220-KSD30ORB,30,
Kraus,KBU11-KPF1650-KSD30CH,30,
Kraus,KBU11-KPF2110-SD20,30,
Kraus,KBU11-KPF2121-SD20,0,11/15/2012
Kraus,KBU11-KPF2140-SD20,30,
Kraus,KBU11-KPF2160-SD20,30,
Kraus,KBU11-KPF2210-KSD30CH,30,
Kraus,KBU11-KPF2210-KSD30SN,30,
Kraus,KBU11-KPF2210-KSD30ORB,30,
Kraus,KBU11-KPF2220-KSD30CH,30,
Kraus,KBU11-KPF2220-KSD30SN,30,
Kraus,KBU11-KPF2220-KSD30ORB,30,
Kraus,KBU12-KPF1650-KSD30CH,30,
Kraus,KBU12-KPF2110-SD20,30,
Kraus,KBU12-KPF2121-SD20,0,11/15/2012
Kraus,KBU12-KPF2140-SD20,30,
Kraus,KBU12-KPF2160-SD20,30,
Kraus,KBU12-KPF2210-KSD30CH,30,
Kraus,KBU12-KPF2210-KSD30SN,30,
Kraus,KBU12-KPF2210-KSD30ORB,30,
Kraus,KBU12-KPF2220-KSD30CH,30,
Kraus,KBU12-KPF2220-KSD30SN,30,
Kraus,KBU12-KPF2220-KSD30ORB,30,
Kraus,KBU14-KPF1650-KSD30CH,30,
Kraus,KBU14-KPF2110-SD20,30,
Kraus,KBU14-KPF2121-SD20,0,11/15/2012
Kraus,KBU14-KPF2140-SD20,30,
Kraus,KBU14-KPF2160-SD20,30,
Kraus,KBU14-KPF2170-SD20,30,
Kraus,KBU14-KPF2210-KSD30CH,30,
Kraus,KBU14-KPF2210-KSD30SN,30,
Kraus,KBU14-KPF2210-KSD30ORB,30,
Kraus,KBU14-KPF2220-KSD30CH,30,
Kraus,KBU14-KPF2220-KSD30SN,30,
Kraus,KBU14-KPF2220-KSD30ORB,30,
Kraus,KBU14-KPF2230-KSD30CH,30,
Kraus,KBU14-KPF2230-KSD30SN,30,
Kraus,KBU14-KPF2230-KSD30ORB,30,
Kraus,KBU21-KPF1650-KSD30CH,30,
Kraus,KBU21-KPF2110-SD20,30,
Kraus,KBU21-KPF2121-SD20,0,11/15/2012
Kraus,KBU21-KPF2140-SD20,30,
Kraus,KBU21-KPF2160-SD20,30,
Kraus,KBU21-KPF2170-SD20,30,
Kraus,KBU21-KPF2210-KSD30CH,30,
Kraus,KBU21-KPF2210-KSD30SN,30,
Kraus,KBU21-KPF2210-KSD30ORB,30,
Kraus,KBU21-KPF2220-KSD30CH,30,
Kraus,KBU21-KPF2220-KSD30SN,30,
Kraus,KBU21-KPF2220-KSD30ORB,30,
Kraus,KBU22-KPF1612-KSD30CH,30,
Kraus,KBU22-KPF1621-KSD30CH,30,
Kraus,KBU22-KPF1622-KSD30CH,30,
Kraus,KBU22-KPF1650-KSD30CH,30,
Kraus,KBU22-KPF2110-SD20,30,
Kraus,KBU22-KPF2120-SD20,30,
Kraus,KBU22-KPF2130-SD20,30,
Kraus,KBU22-KPF2160-SD20,30,
Kraus,KBU22-KPF2170-SD20,30,
Kraus,KBU22-KPF2210-KSD30CH,30,
Kraus,KBU22-KPF2210-KSD30SN,30,
Kraus,KBU22-KPF2210-KSD30ORB,30,
Kraus,KBU22-KPF2220-KSD30CH,30,
Kraus,KBU22-KPF2220-KSD30SN,30,
Kraus,KBU22-KPF2220-KSD30ORB,30,
Kraus,KBU23-KPF1612-KSD30CH,30,
Kraus,KBU23-KPF1621-KSD30CH,30,
Kraus,KBU23-KPF1622-KSD30CH,30,
Kraus,KBU23-KPF1650-KSD30CH,30,
Kraus,KBU23-KPF2110-SD20,30,
Kraus,KBU23-KPF2120-SD20,30,
Kraus,KBU23-KPF2130-SD20,30,
Kraus,KBU23-KPF2160-SD20,30,
Kraus,KBU23-KPF2170-SD20,30,
Kraus,KBU23-KPF2210-KSD30CH,30,
Kraus,KBU23-KPF2210-KSD30SN,30,
Kraus,KBU23-KPF2210-KSD30ORB,30,
Kraus,KBU23-KPF2220-KSD30CH,30,
Kraus,KBU23-KPF2220-KSD30SN,30,
Kraus,KBU23-KPF2220-KSD30ORB,30,
Kraus,KBU24-KPF1612-KSD30CH,30,
Kraus,KBU24-KPF1621-KSD30CH,30,
Kraus,KBU24-KPF1622-KSD30CH,30,
Kraus,KBU24-KPF1650-KSD30CH,30,
Kraus,KBU24-KPF2110-SD20,30,
Kraus,KBU24-KPF2120-SD20,30,
Kraus,KBU24-KPF2130-SD20,30,
Kraus,KBU24-KPF2140-SD20,30,
Kraus,KBU24-KPF2160-SD20,30,
Kraus,KBU24-KPF2170-SD20,30,
Kraus,KBU24-KPF2210-KSD30CH,30,
Kraus,KBU24-KPF2210-KSD30SN,30,
Kraus,KBU24-KPF2210-KSD30ORB,30,
Kraus,KBU24-KPF2220-KSD30CH,30,
Kraus,KBU24-KPF2220-KSD30SN,30,
Kraus,KBU24-KPF2220-KSD30ORB,30,
Kraus,KBU24-KPF2230-KSD30CH,30,
Kraus,KBU24-KPF2230-KSD30SN,30,
Kraus,KBU24-KPF2230-KSD30ORB,30,
Kraus,KPF-1602,30,
Kraus,KPF-1612,30,
Kraus,KPF-1621,30,
Kraus,KPF-1622CH,30,
Kraus,KPF-1622SN,30,
Kraus,KPF-1650CH,30,
Kraus,KPF-2110,30,
Kraus,KPF-2111,0,Discontinued
Kraus,KPF-2120,30,
Kraus,KPF-2121,0,11/15/2012
Kraus,KPF-2130,30,
Kraus,KPF-2140,30,
Kraus,KPF-2150,30,
Kraus,KPF-2160,30,
Kraus,KPF-2170,30,
Kraus,KPF-2210CH,30,
Kraus,KPF-2210SN,30,
Kraus,KPF-2210ORB,30,
Kraus,KPF-2220CH,30,
Kraus,KPF-2220SN,30,
Kraus,KPF-2220ORB,30,
Kraus,KPF-2230CH,30,
Kraus,KPF-2230SN,30,
Kraus,KPF-2230ORB,30,
Kraus,KPF-1602-KSD-30CH,30,
Kraus,KPF-1612-KSD-30CH,30,
Kraus,KPF-1621-KSD-30CH,30,
Kraus,KPF-1622-KSD-30CH,30,
Kraus,KPF-1622-KSD-30SN,30,
Kraus,KPF-1650-KSD-30CH,30,
Kraus,KPF-2110-SD20,30,
Kraus,KPF-2111-SD20,0,Discontinued
Kraus,KPF-2120-SD20,30,
Kraus,KPF-2121-SD20,0,11/15/2012
Kraus,KPF-2130-SD20,30,
Kraus,KPF-2140-SD20,30,
Kraus,KPF-2150-SD20,30,
Kraus,KPF-2160-SD20,30,
Kraus,KPF-2170-SD20,30,
Kraus,KPF-2210-KSD-30CH,30,
Kraus,KPF-2210-KSD-30SN,30,
Kraus,KPF-2210-KSD-30ORB,30,
Kraus,KPF-2220-KSD-30CH,30,
Kraus,KPF-2220-KSD-30SN,30,
Kraus,KPF-2220-KSD-30ORB,30,
Kraus,KPF-2230-KSD-30CH,30,
Kraus,KPF-2230-KSD-30SN,30,
Kraus,KPF-2230-KSD-30ORB,30,
Kraus,SD-20,30,
Kraus,SD-25,30,
Kraus,KSD-30CH,30,
Kraus,KSD-30SN,30,
Kraus,KSD-30ORB,30,
Kraus,KEA-11101CH,30,
Kraus,KEA-11101BN,30,
Kraus,KEA-11104CH,30,
Kraus,KEA-11104BN,30,
Kraus,KEA-11116CH,30,
Kraus,KEA-11116BN,30,
Kraus,KEA-11129CH,30,
Kraus,KEA-11129BN,30,
Kraus,KEA-11126CH,30,
Kraus,KEA-11126BN,30,
Kraus,KEA-11137CH,30,
Kraus,KEA-11137BN,30,
Kraus,KEA-11142CH,30,
Kraus,KEA-11142BN,30,
Kraus,KEA-11145CH,30,
Kraus,KEA-11145BN,30,
Kraus,KEA-12201CH,30,
Kraus,KEA-12201BN,30,
Kraus,KEA-12205CH,30,
Kraus,KEA-12205BN,30,
Kraus,KEA-12204CH,30,
Kraus,KEA-12204BN,30,
Kraus,KEA-12261CH,30,
Kraus,KEA-12261BN,30,
Kraus,KEA-12225CH,30,
Kraus,KEA-12225BN,30,
Kraus,KEA-12229CH,30,
Kraus,KEA-12229BN,30,
Kraus,KEA-12237CH,30,
Kraus,KEA-12237BN,30,
Kraus,KEA-12242CH,30,
Kraus,KEA-12242BN,30,
Kraus,KEA-13301CH,30,
Kraus,KEA-13301BN,30,
Kraus,KEA-13301ORB,30,
Kraus,KEA-13305CH,20,
Kraus,KEA-13304CH,30,
Kraus,KEA-13304BN,30,
Kraus,KEA-13304ORB,30,
Kraus,KEA-13316CH,30,
Kraus,KEA-13316BN,30,
Kraus,KEA-13316ORB,20,
Kraus,KEA-13329CH,30,
Kraus,KEA-13329BN,30,
Kraus,KEA-13329ORB,30,
Kraus,KEA-13326CH,30,
Kraus,KEA-13326BN,30,
Kraus,KEA-13326ORB,0,11/5/2012
Kraus,KEA-13337CH,30,
Kraus,KEA-13337BN,30,
Kraus,KEA-13337ORB,30,
Kraus,KEA-13342CH,30,
Kraus,KEA-13342BN,30,
Kraus,KEA-13342ORB,0,11/15/2012
Kraus,KEA-13345CH,30,
Kraus,KEA-13345BN,30,
Kraus,KEA-13345ORB,30,
Kraus,KEA-14401CH,30,
Kraus,KEA-14401BN,0,11/30/2012
Kraus,KEA-14403CH,30,
Kraus,KEA-14404CH,30,
Kraus,KEA-14404BN,30,
Kraus,KEA-14415CH,30,
Kraus,KEA-14416CH,30,
Kraus,KEA-14416BN,25,
Kraus,KEA-14461CH,30,
Kraus,KEA-14461BN,30,
Kraus,KEA-14426CH,30,
Kraus,KEA-14426BN,30,
Kraus,KEA-14429CH,30,
Kraus,KEA-14429BN,30,
Kraus,KEA-14437CH,30,
Kraus,KEA-14437BN,30,
Kraus,KEA-14442CH,30,
Kraus,KEA-14442BN,30,
Kraus,KEA-14445CH,30,
Kraus,KEA-14445BN,30,
Kraus,KEA-14425CH,10,
Kraus,KEA-14425BN,30,
Kraus,KEA-16501CH,30,
Kraus,KEA-16501BN,30,
Kraus,KEA-16501ORB,30,
Kraus,KEA-16501G,25,
Kraus,KEA-16504CH,30,
Kraus,KEA-16504BN,30,
Kraus,KEA-16504ORB,30,
Kraus,KEA-16504G,30,
Kraus,KEA-16526CH,30,
Kraus,KEA-16526BN,30,
Kraus,KEA-16526ORB,30,
Kraus,KEA-16526G,30,
Kraus,KEA-16525CH,30,
Kraus,KEA-16525BN,30,
Kraus,KEA-16525ORB,30,
Kraus,KEA-16525G,30,
Kraus,KEA-16537CH,30,
Kraus,KEA-16537BN,30,
Kraus,KEA-16537ORB,30,
Kraus,KEA-16537G,30,
Kraus,KEA-16542CH,30,
Kraus,KEA-16542BN,30,
Kraus,KEA-16542ORB,30,
Kraus,KEA-16542G,30,
Kraus,KBG-200-36,30,
Kraus,KBG-100-32,10,
Kraus,KBG-200-33,30,
Kraus,KBG-100-30,30,
Kraus,KBG-200-30,15,
Kraus,KBG-101-23,30,
Kraus,KBG-203-36-1,30,
Kraus,KBG-123-32-1,30,
Kraus,KBG-203-33-1,20,
Kraus,KBG-103-33-1,30,
Kraus,KBG-102-33,30,
Kraus,KBG-103-33-2,30,
Kraus,KBG-203-36-2,30,
Kraus,KBG-203-33-2,30,
Kraus,KBG-123-32-2,30,
Kraus,KBG-10,30,
Kraus,KBG-23-1,30,
Kraus,KBG-24-1,30,
Kraus,KBG-22,30,
Kraus,KBG-24-2,0,11/30/2012
Kraus,KBG-23-2,30,
Kraus,BST-1,30,
Kraus,ST-1,30,
Kraus,BST-1-ST-1,30,
Kraus,CS-1,30,
Kraus,CS-2,30,
Kraus,CS-3,30,
Kraus,CS-4,30,
Kraus,SP-1,30,
Kraus,RB-10,30,
Kraus,RB-22,30,
Kraus,RB-23-1,30,
Kraus,RB-23-2,30,
Kraus,RB-24-1,30,
Kraus,RB-24-2,10,
Kraus,PU-10CH,30,
Kraus,PU-10SN,30,
Kraus,PU-10AB,30,
Kraus,PU-10ORB,30,
Kraus,PU-10G,30,
Kraus,PU-11CH,30,
Kraus,PU-11SN,30,
Kraus,PU-12CH,15,
Kraus,PU-12SN,30,
Kraus,PU-12AB,30,
Kraus,PU-12ORB,15,
Kraus,PU-12G,20,
Kraus,POP-01,30,
Kraus,MR-1CH,30,
Kraus,MR-1SN,30,
Kraus,MR-1AB,30,
Kraus,MR-1ORB,30,
Kraus,MR-1G,30,
Kraus,PT-50CH,30,
Kraus,PT-50SN,30,
Kraus,PT-50AB,20,
Kraus,PT-50ORB,30,
Kraus,PT-50G,20,
Kraus,PU-10-MR-1CH,30,
Kraus,PU-10-MR-1SN,30,
Kraus,PU-10-MR-1AB,30,
Kraus,PU-10-MR-1ORB,30,
Kraus,PU-10-MR-1G,30,
Kraus,PU-12-MR-1CH,30,
Kraus,PU-12-MR-1SN,30,
Kraus,PU-12-MR-1AB,30,
Kraus,PU-12-MR-1ORB,15,
Kraus,PU-12-MR-1G,30,
Kraus,PT-50-PU-10CH,30,
Kraus,PT-50-PU-10SN,30,
Kraus,PT-50-PU-10AB,20,
Kraus,PT-50-PU-10ORB,30,
Kraus,PT-50-PU-10G,20,
Kraus,FUS-1011CH,30,
Kraus,FUS-1011SN,30,
Kraus,FUS-1011ORB,30,
Kraus,KPF-2240CH,30,
Kraus,GV-680-19mm,30,
Kraus,GV-681-19mm,30,
Kraus,GV-682,30,
Kraus,GV-683,30,
Kraus,GV-684,30,
Kraus,GV-680-19mm-CH,30,
Kraus,GV-680-19mm-SN,30,
Kraus,GV-680-19mm-ORB,30,
Kraus,GV-680-19mm-G,30,
Kraus,GV-681-19mm-CH,30,
Kraus,GV-681-19mm-SN,30,
Kraus,GV-681-19mm-ORB,30,
Kraus,GV-681-19mm-G,30,
Kraus,GV-682-CH,30,
Kraus,GV-682-SN,30,
Kraus,GV-682-ORB,30,
Kraus,GV-682-G,30,
Kraus,GV-683-CH,30,
Kraus,GV-683-SN,30,
Kraus,GV-683-ORB,30,
Kraus,GV-683-G,30,
Kraus,GV-684-CH,30,
Kraus,GV-684-SN,30,
Kraus,GV-684-ORB,30,
Kraus,GV-684-G,30,
Kraus,C-GV-680-19mm-10CH,30,
Kraus,C-GV-680-19mm-10SN,30,
Kraus,C-GV-680-19mm-10ORB,30,
Kraus,C-GV-680-19mm-10G,30,
Kraus,C-GV-681-19mm-10CH,30,
Kraus,C-GV-681-19mm-10SN,30,
Kraus,C-GV-681-19mm-10ORB,30,
Kraus,C-GV-681-19mm-10G,30,
Kraus,C-GV-682-12mm-10CH,30,
Kraus,C-GV-682-12mm-10SN,30,
Kraus,C-GV-682-12mm-10ORB,30,
Kraus,C-GV-682-12mm-10G,30,
Kraus,C-GV-683-12mm-10CH,30,
Kraus,C-GV-683-12mm-10SN,30,
Kraus,C-GV-683-12mm-10ORB,30,
Kraus,C-GV-683-12mm-10G,30,
Kraus,C-GV-684-12mm-10CH,30,
Kraus,C-GV-684-12mm-10SN,30,
Kraus,C-GV-684-12mm-10ORB,30,
Kraus,C-GV-684-12mm-10G,30,
Kraus,PU-15BN,30,
Kraus,PU-16BN,30,
Kraus,PU-16ORB,30,
Kraus,PU-16G,30,
Kraus,MR-2BN,30,
Kraus,PU-15-MR-2BN,30,
,,,
